-- phpMyAdmin SQL Dump
-- version 4.7.6
-- https://www.phpmyadmin.net/
--
-- Host: localhost
-- Generation Time: May 11, 2018 at 03:31 PM
-- Server version: 10.1.29-MariaDB
-- PHP Version: 7.1.12

SET SQL_MODE = "NO_AUTO_VALUE_ON_ZERO";
SET AUTOCOMMIT = 0;
START TRANSACTION;
SET time_zone = "+00:00";


/*!40101 SET @OLD_CHARACTER_SET_CLIENT=@@CHARACTER_SET_CLIENT */;
/*!40101 SET @OLD_CHARACTER_SET_RESULTS=@@CHARACTER_SET_RESULTS */;
/*!40101 SET @OLD_COLLATION_CONNECTION=@@COLLATION_CONNECTION */;
/*!40101 SET NAMES utf8mb4 */;

--
-- Database: `eapi`
--

-- --------------------------------------------------------

--
-- Table structure for table `migrations`
--

CREATE TABLE `migrations` (
  `id` int(10) UNSIGNED NOT NULL,
  `migration` varchar(191) COLLATE utf8mb4_unicode_ci NOT NULL,
  `batch` int(11) NOT NULL
) ENGINE=InnoDB DEFAULT CHARSET=utf8mb4 COLLATE=utf8mb4_unicode_ci;

--
-- Dumping data for table `migrations`
--

INSERT INTO `migrations` (`id`, `migration`, `batch`) VALUES
(1, '2014_10_12_000000_create_users_table', 1),
(2, '2014_10_12_100000_create_password_resets_table', 1),
(3, '2018_05_11_121108_create_products_table', 1),
(4, '2018_05_11_121124_create_reviews_table', 1);

-- --------------------------------------------------------

--
-- Table structure for table `password_resets`
--

CREATE TABLE `password_resets` (
  `email` varchar(191) COLLATE utf8mb4_unicode_ci NOT NULL,
  `token` varchar(191) COLLATE utf8mb4_unicode_ci NOT NULL,
  `created_at` timestamp NULL DEFAULT NULL
) ENGINE=InnoDB DEFAULT CHARSET=utf8mb4 COLLATE=utf8mb4_unicode_ci;

-- --------------------------------------------------------

--
-- Table structure for table `products`
--

CREATE TABLE `products` (
  `id` int(10) UNSIGNED NOT NULL,
  `name` varchar(191) COLLATE utf8mb4_unicode_ci NOT NULL,
  `details` text COLLATE utf8mb4_unicode_ci NOT NULL,
  `price` int(11) NOT NULL,
  `stock` int(11) NOT NULL,
  `discount` int(11) NOT NULL,
  `created_at` timestamp NULL DEFAULT NULL,
  `updated_at` timestamp NULL DEFAULT NULL
) ENGINE=InnoDB DEFAULT CHARSET=utf8mb4 COLLATE=utf8mb4_unicode_ci;

--
-- Dumping data for table `products`
--

INSERT INTO `products` (`id`, `name`, `details`, `price`, `stock`, `discount`, `created_at`, `updated_at`) VALUES
(1, 'nulla', 'Culpa hic ut omnis quod consectetur voluptas et laborum. Reiciendis voluptatibus nemo architecto at possimus sit. Commodi et laborum cumque facilis deleniti.', 841, 4, 4, '2018-05-11 07:57:55', '2018-05-11 07:57:55'),
(2, 'blanditiis', 'Unde veniam occaecati consectetur quos vel tempore. Id perspiciatis sunt sint quasi sapiente. Nemo laudantium et quam necessitatibus amet. In voluptatem atque accusamus corporis recusandae.', 281, 9, 2, '2018-05-11 07:57:55', '2018-05-11 07:57:55'),
(3, 'quis', 'Quibusdam commodi voluptates omnis dolor sapiente quis amet molestiae. Sunt praesentium maxime modi quidem aut est. Et iure corporis aliquid.', 660, 8, 10, '2018-05-11 07:57:55', '2018-05-11 07:57:55'),
(4, 'cupiditate', 'Cumque repellendus tenetur ut qui praesentium. Eos soluta ducimus qui ipsum dolor sint quisquam. Suscipit dolorem fugit veritatis dolore quaerat repudiandae.', 789, 9, 22, '2018-05-11 07:57:55', '2018-05-11 07:57:55'),
(5, 'esse', 'Qui quae expedita et dolor perspiciatis aut optio. Autem optio repudiandae magnam voluptate. Quisquam corporis ea optio voluptatem aut cumque nihil. Eum est voluptate non ipsam.', 750, 2, 22, '2018-05-11 07:57:55', '2018-05-11 07:57:55'),
(6, 'amet', 'Possimus placeat occaecati voluptate. Ullam fuga ut praesentium. Omnis ex et quam quis perferendis velit. Libero sint ipsa deserunt distinctio iusto nesciunt perspiciatis.', 718, 0, 29, '2018-05-11 07:57:55', '2018-05-11 07:57:55'),
(7, 'et', 'Incidunt incidunt dolor ratione. Voluptate voluptate et quo ipsum voluptatem perspiciatis. Id odit odit dolores alias consequatur accusamus.', 389, 3, 14, '2018-05-11 07:57:55', '2018-05-11 07:57:55'),
(8, 'saepe', 'Et quaerat et alias nulla. Quis aut doloremque provident sed.', 482, 6, 3, '2018-05-11 07:57:55', '2018-05-11 07:57:55'),
(9, 'nostrum', 'Numquam ut cupiditate architecto aut. Eius culpa exercitationem ratione quam ut laborum. Veritatis ea fugit deserunt voluptas architecto. Odio alias eaque enim perferendis repellat. Nam nulla dolor libero illum.', 141, 9, 15, '2018-05-11 07:57:55', '2018-05-11 07:57:55'),
(10, 'occaecati', 'Saepe voluptas voluptatibus aliquid dolor occaecati consequuntur excepturi quasi. Enim nostrum sit harum. Porro et qui corrupti soluta.', 352, 8, 10, '2018-05-11 07:57:55', '2018-05-11 07:57:55'),
(11, 'ipsum', 'Saepe consequatur esse ullam animi voluptatibus quo in. Qui velit aspernatur provident repellat ut vel. Iure assumenda et numquam veniam vel earum.', 899, 1, 24, '2018-05-11 07:57:55', '2018-05-11 07:57:55'),
(12, 'enim', 'Aut dolore assumenda consequatur voluptates cum omnis illo. Sunt laudantium et est. Illo nulla provident nobis omnis autem sint doloribus.', 262, 9, 2, '2018-05-11 07:57:55', '2018-05-11 07:57:55'),
(13, 'corporis', 'Repellendus iure nobis et. Et quia necessitatibus dolor totam quaerat et.', 487, 1, 8, '2018-05-11 07:57:55', '2018-05-11 07:57:55'),
(14, 'et', 'Ut qui quisquam quia esse in sint. Consectetur similique veritatis velit in ipsum. Sed quo harum temporibus nostrum consequatur porro non.', 883, 2, 15, '2018-05-11 07:57:55', '2018-05-11 07:57:55'),
(15, 'consectetur', 'Ad at sapiente eos enim autem. Qui aut quia in recusandae quo molestiae doloremque. Dolorem quod quia et ratione. Aspernatur nihil amet porro modi dolores.', 579, 2, 2, '2018-05-11 07:57:55', '2018-05-11 07:57:55'),
(16, 'in', 'Dolores qui consequuntur animi expedita ut. Amet expedita occaecati qui velit optio deserunt voluptatem atque. Ut aspernatur sed et maxime itaque.', 715, 4, 26, '2018-05-11 07:57:55', '2018-05-11 07:57:55'),
(17, 'corrupti', 'Ut molestias veniam voluptatibus neque enim et aut. Hic pariatur error voluptate sunt labore explicabo. Dolorem ea rerum est minima et est quia ut.', 491, 0, 5, '2018-05-11 07:57:55', '2018-05-11 07:57:55'),
(18, 'distinctio', 'Quas consequatur voluptatem ut commodi doloremque veritatis. Earum rerum ut dolorem est autem recusandae. Omnis rem repellat et dicta beatae quos dolorem est. Voluptatibus delectus perspiciatis quisquam ea.', 987, 5, 9, '2018-05-11 07:57:55', '2018-05-11 07:57:55'),
(19, 'illum', 'Hic et eaque non rerum repellendus beatae. Soluta est illum qui libero et consequatur cumque. Dolorem quo dicta aut voluptas voluptas et quia. Modi deleniti iure voluptatibus at commodi omnis.', 148, 8, 28, '2018-05-11 07:57:55', '2018-05-11 07:57:55'),
(20, 'similique', 'Rem facilis doloremque voluptas et fugit similique. Dignissimos et sed voluptatum fugit consectetur iure similique. Voluptatem quasi reprehenderit dolores voluptatem dicta sapiente aliquam.', 395, 9, 4, '2018-05-11 07:57:55', '2018-05-11 07:57:55'),
(21, 'consequatur', 'Repellendus quibusdam eum voluptas sed. Rerum eius assumenda voluptates doloremque consequatur excepturi. Architecto explicabo necessitatibus optio ab. Magni porro eveniet accusantium incidunt.', 302, 9, 3, '2018-05-11 07:57:55', '2018-05-11 07:57:55'),
(22, 'quasi', 'Non voluptatibus vel et atque qui corrupti necessitatibus. Id nemo dolorem incidunt quia. Molestias porro ratione exercitationem sint dolorem consequatur.', 335, 7, 16, '2018-05-11 07:57:55', '2018-05-11 07:57:55'),
(23, 'nesciunt', 'Blanditiis porro praesentium voluptatem minima. Consequuntur cumque dolor voluptas eos possimus ipsam. Magni omnis eius sint voluptatem ipsam commodi necessitatibus.', 945, 0, 17, '2018-05-11 07:57:55', '2018-05-11 07:57:55'),
(24, 'fugit', 'Quibusdam ducimus dolorem velit facilis ipsam cumque at. Occaecati aspernatur incidunt esse deserunt et quia consectetur.', 468, 3, 30, '2018-05-11 07:57:55', '2018-05-11 07:57:55'),
(25, 'sed', 'Perferendis quis quo harum aut ipsam aut. Est sunt non minima quidem officiis adipisci doloribus. Nemo molestiae et officia ipsam accusantium occaecati consequatur accusantium.', 343, 2, 12, '2018-05-11 07:57:55', '2018-05-11 07:57:55'),
(26, 'enim', 'Placeat ullam officiis sed cupiditate quia consequatur. Consequatur molestiae ut temporibus numquam. Sunt blanditiis voluptas tempora. Consectetur accusamus a repellat nisi sed.', 995, 0, 16, '2018-05-11 07:57:55', '2018-05-11 07:57:55'),
(27, 'aspernatur', 'Id recusandae dolores modi aliquam. Aut tempore vero rerum dolore quia. Asperiores possimus quia non molestiae ipsa. Maiores eveniet eveniet magni sit. Sunt libero voluptas enim culpa ea est quidem.', 207, 2, 20, '2018-05-11 07:57:55', '2018-05-11 07:57:55'),
(28, 'vitae', 'Ratione esse nihil tempore. Porro quasi aliquam sit veniam et voluptates. Ut ad nisi sed et ea eligendi iste. In at maiores iste sapiente.', 357, 1, 30, '2018-05-11 07:57:55', '2018-05-11 07:57:55'),
(29, 'est', 'Et ut error cupiditate laboriosam. Deleniti ut qui et consequuntur officia omnis eum incidunt. Ad accusamus natus occaecati.', 995, 8, 23, '2018-05-11 07:57:55', '2018-05-11 07:57:55'),
(30, 'consequuntur', 'Ut quo ut pariatur. Saepe dolorem voluptatem nostrum illum ipsa voluptatem molestiae consequatur.', 212, 5, 26, '2018-05-11 07:57:55', '2018-05-11 07:57:55'),
(31, 'necessitatibus', 'In delectus error repellat commodi distinctio. Repellendus mollitia distinctio corporis exercitationem adipisci sequi necessitatibus enim. Necessitatibus dolor ut rerum voluptatem. Autem dicta illo quam perspiciatis quo.', 475, 3, 16, '2018-05-11 07:57:55', '2018-05-11 07:57:55'),
(32, 'nisi', 'Aut iure ut eum beatae harum sit possimus. Deserunt laudantium non ipsam temporibus animi asperiores ut iusto. Quam doloribus mollitia perferendis modi nesciunt deleniti.', 891, 4, 6, '2018-05-11 07:57:55', '2018-05-11 07:57:55'),
(33, 'ipsum', 'Architecto aut optio esse tempora. Molestiae maxime eligendi consequatur earum praesentium quia. Et rem libero voluptate.', 427, 6, 16, '2018-05-11 07:57:55', '2018-05-11 07:57:55'),
(34, 'assumenda', 'Reiciendis nulla ut quo et aut. Enim nihil perspiciatis quia.', 155, 3, 3, '2018-05-11 07:57:55', '2018-05-11 07:57:55'),
(35, 'aut', 'Non et molestiae non ut. Quo enim beatae vitae animi eaque. Veniam esse ullam iste qui. Rem qui ut accusantium suscipit vero odio provident vel. Et ut ut qui sed.', 480, 8, 20, '2018-05-11 07:57:55', '2018-05-11 07:57:55'),
(36, 'minima', 'Et amet sit consequatur pariatur distinctio rerum. Esse consequatur beatae id non incidunt. In voluptas deleniti libero aspernatur earum quis et. Omnis rem ea aut adipisci.', 628, 9, 20, '2018-05-11 07:57:55', '2018-05-11 07:57:55'),
(37, 'doloribus', 'Aspernatur accusantium beatae voluptas consectetur sed expedita. Eaque qui laudantium aut repellat debitis. Cupiditate aspernatur provident soluta quibusdam.', 904, 9, 16, '2018-05-11 07:57:55', '2018-05-11 07:57:55'),
(38, 'et', 'Et doloribus cupiditate a doloremque voluptas voluptatem. Facere rem a officia mollitia. Minus quos dolor itaque iusto est et.', 290, 1, 19, '2018-05-11 07:57:55', '2018-05-11 07:57:55'),
(39, 'error', 'Quibusdam quia odio et ea eos. Rerum facere quae amet earum reiciendis necessitatibus quae ad. Reprehenderit aliquid aperiam quod saepe.', 437, 3, 2, '2018-05-11 07:57:55', '2018-05-11 07:57:55'),
(40, 'iusto', 'Ducimus ipsum sit accusantium placeat quis consectetur assumenda. Vel consequatur vel saepe minima voluptatibus dolor et et. Maiores at a aspernatur.', 204, 8, 8, '2018-05-11 07:57:55', '2018-05-11 07:57:55'),
(41, 'qui', 'Asperiores suscipit at explicabo minus nulla qui qui similique. Autem dolores qui earum quibusdam est enim et. Distinctio harum autem provident beatae dolorum. Officia sunt dolor eos. Eveniet ut quaerat consequatur quidem dolore omnis.', 753, 6, 13, '2018-05-11 07:57:55', '2018-05-11 07:57:55'),
(42, 'eos', 'Sed illum in repellat. Consectetur praesentium deserunt accusantium omnis iste commodi. Aperiam explicabo eligendi tempore rerum qui officiis fugit rerum. Eum ea ut vero repudiandae et animi.', 176, 5, 8, '2018-05-11 07:57:55', '2018-05-11 07:57:55'),
(43, 'est', 'Tenetur dicta architecto ea voluptas maiores iste ut dolor. Totam repellendus voluptatibus sit. Necessitatibus doloremque non voluptatem ex laborum dolorem. Natus officiis eaque omnis nemo odit.', 373, 6, 3, '2018-05-11 07:57:55', '2018-05-11 07:57:55'),
(44, 'mollitia', 'Quos aliquam at quisquam et amet minima ad ut. Impedit maxime doloribus nihil rerum eveniet et omnis. Voluptatibus maxime et natus dolorem rerum impedit. Iusto architecto maiores ut dignissimos.', 828, 7, 25, '2018-05-11 07:57:55', '2018-05-11 07:57:55'),
(45, 'nam', 'Qui laboriosam accusamus et non. Et voluptatum nemo nobis eos explicabo recusandae et. Magnam dolor voluptatibus magni culpa molestiae qui.', 448, 4, 15, '2018-05-11 07:57:55', '2018-05-11 07:57:55'),
(46, 'nihil', 'Sunt ipsum soluta doloribus. Quisquam veniam aliquid optio numquam vel et. Sit cumque minima est consequatur. Harum quam et unde commodi libero minus.', 424, 4, 29, '2018-05-11 07:57:55', '2018-05-11 07:57:55'),
(47, 'qui', 'Voluptatem est corrupti velit qui vel blanditiis ut sunt. Dolorem natus consequuntur quidem fugit rem velit. Laudantium quas in sed soluta aut voluptatem.', 611, 6, 16, '2018-05-11 07:57:55', '2018-05-11 07:57:55'),
(48, 'et', 'Aut ipsa animi ut veniam. Aut ipsum id est aperiam. Minus a illum veniam. Quo neque quas dolorem commodi.', 135, 5, 8, '2018-05-11 07:57:55', '2018-05-11 07:57:55'),
(49, 'ut', 'Sunt voluptas voluptas eum soluta. Dicta quasi ab eveniet at cum. Molestias commodi rem eos.', 436, 9, 16, '2018-05-11 07:57:55', '2018-05-11 07:57:55'),
(50, 'est', 'A et et dolorem nihil sed. Debitis similique nisi veritatis. Odio placeat harum consequatur aliquam dolor totam.', 945, 8, 8, '2018-05-11 07:57:55', '2018-05-11 07:57:55'),
(51, 'vel', 'Earum dicta ipsum sit quo. Culpa hic a inventore enim eos voluptatem maiores. Aut rerum a iure. Perspiciatis natus quo minima rerum nobis eos.', 443, 3, 6, '2018-05-11 07:58:27', '2018-05-11 07:58:27'),
(52, 'iusto', 'Culpa quidem iste atque similique perspiciatis. Minus dolorem culpa eos id nihil nam molestiae alias. Ut occaecati odio vitae adipisci qui qui laboriosam neque.', 402, 2, 3, '2018-05-11 07:58:27', '2018-05-11 07:58:27'),
(53, 'non', 'In et in impedit sequi vitae alias accusantium. Officiis nesciunt similique quia ad rerum dolor dolor a. Blanditiis cum harum qui velit.', 325, 6, 6, '2018-05-11 07:58:27', '2018-05-11 07:58:27'),
(54, 'voluptas', 'Vel quia sapiente maiores tempora. Eius illum laborum explicabo. Culpa harum quod porro magnam beatae quia aut. Nam ipsam tempora fuga expedita. Molestiae consectetur velit itaque autem et optio reiciendis.', 725, 5, 29, '2018-05-11 07:58:27', '2018-05-11 07:58:27'),
(55, 'exercitationem', 'Corrupti totam vitae est totam et. Atque dignissimos alias illo quaerat voluptatem maiores. Non earum facere sed commodi et qui ratione. Iusto iste sed harum amet et nisi nam.', 568, 2, 18, '2018-05-11 07:58:27', '2018-05-11 07:58:27'),
(56, 'voluptatem', 'Est enim commodi est minus dolorem. Et sint aperiam magnam ut.', 668, 4, 23, '2018-05-11 07:58:27', '2018-05-11 07:58:27'),
(57, 'odit', 'Vel in animi quisquam quia facere illum. Nulla sint autem omnis. Quia quidem illum quisquam nostrum molestias accusantium distinctio. Culpa sequi facilis unde.', 662, 3, 16, '2018-05-11 07:58:27', '2018-05-11 07:58:27'),
(58, 'dolores', 'Explicabo fuga magni eius ipsa occaecati. Nisi excepturi est nulla. Sint ducimus voluptates provident blanditiis eum. Laudantium sapiente aut inventore.', 906, 2, 18, '2018-05-11 07:58:27', '2018-05-11 07:58:27'),
(59, 'laudantium', 'Non voluptatem neque totam et sint rerum ut est. Consequuntur ullam unde porro voluptatibus. Sequi quia inventore quis maiores ipsa dolores voluptas.', 262, 2, 21, '2018-05-11 07:58:27', '2018-05-11 07:58:27'),
(60, 'alias', 'Placeat quo praesentium qui ut laboriosam sequi dolor consequuntur. Modi velit dicta quasi aperiam impedit. Odit pariatur excepturi minima debitis perferendis recusandae.', 681, 5, 10, '2018-05-11 07:58:27', '2018-05-11 07:58:27'),
(61, 'velit', 'Recusandae voluptatem distinctio sunt ea sapiente debitis. Nulla officiis cum et nostrum deleniti perspiciatis velit.', 148, 0, 8, '2018-05-11 07:58:27', '2018-05-11 07:58:27'),
(62, 'enim', 'Eligendi sed cum labore dolores eveniet illo. Eos in qui adipisci fugiat nisi eaque vero sunt.', 115, 8, 17, '2018-05-11 07:58:27', '2018-05-11 07:58:27'),
(63, 'sint', 'Dolor rerum unde praesentium odio distinctio impedit numquam. Cum dolorum repellendus placeat culpa sed. Hic ullam magni accusantium libero esse quia ab eveniet.', 771, 6, 15, '2018-05-11 07:58:27', '2018-05-11 07:58:27'),
(64, 'veritatis', 'Voluptas corrupti facere et et quis. Sit voluptas aperiam accusamus consectetur voluptatem. Consequatur qui quos sed.', 594, 9, 11, '2018-05-11 07:58:27', '2018-05-11 07:58:27'),
(65, 'expedita', 'Sed impedit magni cum voluptatem. Incidunt tempore expedita in ut. Corrupti numquam voluptates in et repudiandae. Totam aut totam eveniet nihil accusantium quae.', 875, 8, 10, '2018-05-11 07:58:27', '2018-05-11 07:58:27'),
(66, 'repellat', 'Nesciunt ad quae ut vero ipsam consectetur corrupti. Rerum enim ut eveniet et non nisi inventore. Est animi voluptas sed voluptates sit labore deleniti ipsum. Amet officiis fuga distinctio qui voluptatum.', 519, 7, 6, '2018-05-11 07:58:27', '2018-05-11 07:58:27'),
(67, 'et', 'Voluptas placeat odio et mollitia molestiae. Voluptate debitis voluptatibus quod sit. Necessitatibus cumque cupiditate impedit est.', 891, 4, 5, '2018-05-11 07:58:27', '2018-05-11 07:58:27'),
(68, 'natus', 'Reiciendis quia perspiciatis nemo repellat dolore labore a maiores. Libero ea veniam corporis qui. Quo repellat numquam quasi quia voluptatem voluptatum. Sed error autem sapiente eveniet cupiditate.', 477, 6, 11, '2018-05-11 07:58:27', '2018-05-11 07:58:27'),
(69, 'qui', 'Itaque ea reiciendis facilis est et ut accusantium. Dolores aut ipsa repudiandae unde sit est. Sit omnis eligendi laudantium pariatur.', 454, 1, 26, '2018-05-11 07:58:27', '2018-05-11 07:58:27'),
(70, 'quis', 'Vitae eius magni corrupti fuga voluptas ut aliquam. Voluptatem non autem magni quis quia enim. Consectetur est in beatae est autem. Similique aperiam possimus iure quos doloribus perferendis.', 791, 2, 23, '2018-05-11 07:58:27', '2018-05-11 07:58:27'),
(71, 'ut', 'Laudantium sit aut aut deleniti. Deleniti quis omnis sint et qui modi dolorem. Ex esse et molestias consequatur sint magni et id.', 165, 0, 23, '2018-05-11 07:58:27', '2018-05-11 07:58:27'),
(72, 'voluptas', 'Cupiditate id temporibus impedit quis perspiciatis repellat. Fugiat qui a rerum voluptas. Velit iure et quae autem. Perspiciatis commodi nam dolores id consequatur et libero quis.', 530, 2, 9, '2018-05-11 07:58:27', '2018-05-11 07:58:27'),
(73, 'similique', 'Cupiditate nostrum cum expedita quis et soluta pariatur. Ipsum earum iusto fugiat voluptatum magnam fuga totam ratione. Consequatur quia reprehenderit fuga sapiente. Consequatur vitae repudiandae laborum reprehenderit voluptatum ad.', 674, 1, 12, '2018-05-11 07:58:27', '2018-05-11 07:58:27'),
(74, 'accusantium', 'Nisi qui quam molestias optio soluta. Accusamus quaerat aut harum cumque. Unde consectetur sunt est.', 927, 9, 12, '2018-05-11 07:58:27', '2018-05-11 07:58:27'),
(75, 'at', 'Qui tenetur et perferendis soluta et est sit. A dolores rerum laboriosam sunt inventore commodi. Adipisci consequatur eius iure similique sit similique. In ducimus error modi voluptates atque neque quod neque.', 320, 2, 2, '2018-05-11 07:58:27', '2018-05-11 07:58:27'),
(76, 'esse', 'Odit aliquid ut enim fugiat vitae. Temporibus ipsam veniam praesentium. Eos dolorum enim dolorum beatae sed nam tenetur.', 691, 1, 9, '2018-05-11 07:58:27', '2018-05-11 07:58:27'),
(77, 'recusandae', 'Dolores architecto dignissimos aut nobis omnis qui. Quae dolorum illo dolor eius. Cumque esse voluptate voluptatem fugiat a qui voluptatem. Ut doloremque beatae consectetur. Eligendi amet dignissimos est minus consequatur.', 136, 6, 25, '2018-05-11 07:58:27', '2018-05-11 07:58:27'),
(78, 'minus', 'Ex fugiat voluptates aut error. Laboriosam beatae sit corporis quia adipisci sit. Vel dolorem error sed natus nulla.', 708, 4, 9, '2018-05-11 07:58:27', '2018-05-11 07:58:27'),
(79, 'recusandae', 'Sequi ipsam voluptatem inventore. Sit voluptatibus harum tempora voluptatem. Animi ratione magnam iure aut aspernatur fuga non.', 492, 4, 19, '2018-05-11 07:58:27', '2018-05-11 07:58:27'),
(80, 'cum', 'Error eum repudiandae distinctio est nisi ab. Necessitatibus dolorem iure et cumque iusto quidem nam. Magni soluta nam sunt doloremque magnam repudiandae qui.', 198, 3, 14, '2018-05-11 07:58:27', '2018-05-11 07:58:27'),
(81, 'assumenda', 'Et repellendus asperiores molestiae beatae. Qui adipisci quisquam dolores maiores quis aut consequatur. Harum illum quo aut labore et. Ea magnam autem et.', 153, 0, 8, '2018-05-11 07:58:27', '2018-05-11 07:58:27'),
(82, 'consequatur', 'Ea nemo earum veniam. Harum recusandae quaerat velit est.', 404, 8, 7, '2018-05-11 07:58:27', '2018-05-11 07:58:27'),
(83, 'amet', 'Sit qui maxime similique optio voluptas tempora nemo. Et est inventore distinctio et. Magni odit dolores molestiae maiores voluptatem sint deleniti.', 742, 9, 23, '2018-05-11 07:58:27', '2018-05-11 07:58:27'),
(84, 'maxime', 'Quaerat incidunt ducimus consequuntur voluptatum. Voluptatem ut sapiente dolor et dicta ut. Excepturi sunt sunt necessitatibus pariatur rerum quia. Animi molestiae repellat ea porro omnis beatae laborum quos.', 377, 9, 15, '2018-05-11 07:58:27', '2018-05-11 07:58:27'),
(85, 'quis', 'Nihil itaque et a harum ab omnis temporibus. Animi culpa error culpa a quo dolore dolores. Ut ut officiis ipsam ut fugiat rerum consectetur.', 316, 1, 22, '2018-05-11 07:58:27', '2018-05-11 07:58:27'),
(86, 'qui', 'Nihil tempora praesentium cum voluptatem dolor esse. Nemo nobis ipsa consectetur impedit odio ut dolores. Qui ut dolorem minus saepe.', 400, 9, 23, '2018-05-11 07:58:27', '2018-05-11 07:58:27'),
(87, 'aperiam', 'Earum vel culpa quia illo ut alias. Laboriosam doloribus ut quaerat quas. Tempore tempore qui eaque harum.', 137, 3, 22, '2018-05-11 07:58:27', '2018-05-11 07:58:27'),
(88, 'qui', 'Tempore deleniti velit tenetur. Rerum exercitationem illo quis mollitia aliquam fugit voluptatem et. At alias officiis aut eos sit accusantium quidem.', 335, 8, 13, '2018-05-11 07:58:27', '2018-05-11 07:58:27'),
(89, 'voluptate', 'Rerum consequuntur placeat ut et nam. Qui et nobis quis unde modi cumque dolores. Debitis perferendis ut consequatur hic dolorem aliquam.', 612, 4, 28, '2018-05-11 07:58:27', '2018-05-11 07:58:27'),
(90, 'natus', 'Perspiciatis laborum et voluptas consequatur debitis tempore maiores. Voluptas harum in et voluptas non est illum.', 523, 3, 8, '2018-05-11 07:58:27', '2018-05-11 07:58:27'),
(91, 'nostrum', 'Et illo quia quaerat consequatur. Est et atque incidunt velit et. Vel magnam minima fuga incidunt.', 752, 4, 27, '2018-05-11 07:58:27', '2018-05-11 07:58:27'),
(92, 'quae', 'Ducimus veniam sint repellendus ipsa aut. Dolorem impedit consequatur assumenda qui ipsum. Fugit laudantium sed et sint eius. Temporibus voluptas adipisci quidem dolore ut a ab.', 348, 8, 5, '2018-05-11 07:58:27', '2018-05-11 07:58:27'),
(93, 'cupiditate', 'Quis earum magni fuga neque nihil aperiam. Facere voluptas pariatur fuga. Vel modi voluptates modi et dolores.', 267, 3, 18, '2018-05-11 07:58:27', '2018-05-11 07:58:27'),
(94, 'qui', 'Saepe pariatur nihil eum sequi deserunt. Quisquam illo accusantium aut. Recusandae accusamus qui sit quisquam blanditiis odio enim sunt.', 782, 4, 9, '2018-05-11 07:58:27', '2018-05-11 07:58:27'),
(95, 'accusantium', 'Voluptatem sed et magnam. Sunt eius facere voluptas veniam ea voluptatum. Nihil quia tempora magni assumenda.', 849, 7, 19, '2018-05-11 07:58:27', '2018-05-11 07:58:27'),
(96, 'facere', 'Vel sapiente itaque ipsam. Labore temporibus molestiae esse neque aut asperiores.', 256, 1, 20, '2018-05-11 07:58:27', '2018-05-11 07:58:27'),
(97, 'ut', 'Eum consequatur doloribus aut commodi explicabo. Qui dicta omnis aperiam quo et. Ut ea odio aliquid rerum quidem officia. Quis dolorem possimus omnis neque perferendis quia.', 889, 4, 18, '2018-05-11 07:58:27', '2018-05-11 07:58:27'),
(98, 'aut', 'Eligendi nemo enim natus autem suscipit maxime. Asperiores ullam ab quia magnam laborum pariatur est. Qui dolorum cum ut amet.', 416, 0, 18, '2018-05-11 07:58:27', '2018-05-11 07:58:27'),
(99, 'qui', 'Soluta quis rerum ea iste atque rerum. Culpa cum quia quia natus cupiditate dolores voluptatum possimus. Ut nulla dolorem est aliquid et nemo. Qui laborum nesciunt sint eaque libero et blanditiis aut. Rerum totam molestiae maxime et praesentium sit dolorem.', 227, 2, 13, '2018-05-11 07:58:27', '2018-05-11 07:58:27'),
(100, 'tempore', 'Ullam voluptas facere iure sit doloribus dignissimos. Et dolore inventore soluta veniam distinctio. Ut accusamus commodi molestias dicta labore culpa.', 625, 3, 16, '2018-05-11 07:58:27', '2018-05-11 07:58:27');

-- --------------------------------------------------------

--
-- Table structure for table `reviews`
--

CREATE TABLE `reviews` (
  `id` int(10) UNSIGNED NOT NULL,
  `product_id` int(10) UNSIGNED NOT NULL,
  `customer` varchar(191) COLLATE utf8mb4_unicode_ci NOT NULL,
  `review` text COLLATE utf8mb4_unicode_ci NOT NULL,
  `star` int(11) NOT NULL,
  `created_at` timestamp NULL DEFAULT NULL,
  `updated_at` timestamp NULL DEFAULT NULL
) ENGINE=InnoDB DEFAULT CHARSET=utf8mb4 COLLATE=utf8mb4_unicode_ci;

--
-- Dumping data for table `reviews`
--

INSERT INTO `reviews` (`id`, `product_id`, `customer`, `review`, `star`, `created_at`, `updated_at`) VALUES
(1, 83, 'Ms. Bernice Hansen Jr.', 'Autem quia possimus voluptatem assumenda necessitatibus quo. Occaecati necessitatibus iure dignissimos eos vero.', 1, '2018-05-11 07:58:28', '2018-05-11 07:58:28'),
(2, 98, 'Leila Hessel V', 'Quia et molestiae esse molestiae est cumque in. Possimus at officia pariatur ut. Doloremque ut impedit facere in voluptatem ea vel.', 4, '2018-05-11 07:58:28', '2018-05-11 07:58:28'),
(3, 40, 'Sigurd Ward', 'Voluptas perferendis sunt et fugiat id sed ipsum voluptatem. Possimus dignissimos quia sed sint consequatur. Ipsam non ullam ipsam quas ipsam.', 2, '2018-05-11 07:58:28', '2018-05-11 07:58:28'),
(4, 24, 'Prof. Eliseo Klocko IV', 'Molestias provident aliquam ut aliquam. Illum iure quidem amet reiciendis. Quo exercitationem reprehenderit maiores ea doloribus. Perspiciatis totam labore officiis nihil.', 2, '2018-05-11 07:58:28', '2018-05-11 07:58:28'),
(5, 58, 'Winfield Conroy', 'Ut necessitatibus autem dicta et doloremque earum et. Qui corrupti deserunt qui eius dolorum at.', 1, '2018-05-11 07:58:28', '2018-05-11 07:58:28'),
(6, 27, 'Uriel Gutkowski DDS', 'Perferendis ut ea nostrum nulla et et consequatur. Aut est aut iure unde eos nulla eos. Nihil reiciendis autem voluptatem hic a asperiores. Consequatur voluptates animi voluptate odit non.', 4, '2018-05-11 07:58:28', '2018-05-11 07:58:28'),
(7, 96, 'Mrs. Kristina Hickle', 'Aut ipsa expedita corporis. Necessitatibus excepturi minus commodi repellat temporibus nisi.', 3, '2018-05-11 07:58:28', '2018-05-11 07:58:28'),
(8, 85, 'Dr. Wilton Hagenes Sr.', 'Sed consectetur qui totam rerum distinctio commodi eligendi. Libero et aut repudiandae dolores et quidem. Et quod labore quae cupiditate earum sed ut. Placeat eius nulla reiciendis ab et sint aut et.', 5, '2018-05-11 07:58:28', '2018-05-11 07:58:28'),
(9, 45, 'Tina Boyer', 'Quia perspiciatis dolor dolore omnis. Et in tempore unde. Nihil blanditiis veritatis quisquam enim autem minus corporis.', 0, '2018-05-11 07:58:28', '2018-05-11 07:58:28'),
(10, 43, 'Dr. Eda Kunde PhD', 'Quidem tempora ut architecto et rerum. Non doloremque ut porro et nulla et. Id illum occaecati magnam soluta. Voluptatem vitae et qui adipisci ut nam.', 0, '2018-05-11 07:58:28', '2018-05-11 07:58:28'),
(11, 17, 'Carlos Bayer', 'Consequatur unde rerum rem aut velit qui dolor qui. Iure aut facilis et sint ex quasi maxime voluptatem. Non deserunt accusantium dolore. Minima et corporis repellendus.', 2, '2018-05-11 07:58:28', '2018-05-11 07:58:28'),
(12, 24, 'Glenna Torp', 'Iste sed qui assumenda omnis dolorem quos et aliquam. Et possimus voluptas recusandae fuga assumenda.', 3, '2018-05-11 07:58:28', '2018-05-11 07:58:28'),
(13, 11, 'Haleigh Krajcik', 'Nihil et est voluptatum consequatur sed ut sit maxime. Earum hic quisquam delectus dignissimos architecto qui.', 3, '2018-05-11 07:58:28', '2018-05-11 07:58:28'),
(14, 59, 'Felicia Heathcote', 'Magnam est commodi omnis ratione facere. Nesciunt beatae quibusdam doloribus veniam deleniti a. Delectus nisi omnis consequatur laboriosam fuga. Omnis debitis vero fugiat eos quia modi.', 4, '2018-05-11 07:58:28', '2018-05-11 07:58:28'),
(15, 25, 'Rod Tromp', 'Odit mollitia recusandae molestiae quod architecto. Laudantium iste laudantium et aut et assumenda illum. Molestiae pariatur eligendi facere excepturi alias omnis.', 2, '2018-05-11 07:58:28', '2018-05-11 07:58:28'),
(16, 98, 'Helmer Walker', 'Ea temporibus alias incidunt dicta. Autem dolores tempore totam possimus ipsam cum. Consequatur facere sed accusamus reiciendis ex quisquam. Quae et est ea occaecati fugit.', 5, '2018-05-11 07:58:28', '2018-05-11 07:58:28'),
(17, 92, 'Jarrett Gulgowski', 'Similique et sunt dolorem omnis fugit. Omnis ea fugiat perspiciatis quo iure nemo et. Nam eius atque perferendis sit et eveniet. Deleniti ut rerum eligendi omnis illo non et eaque.', 3, '2018-05-11 07:58:28', '2018-05-11 07:58:28'),
(18, 56, 'Miss Virginie Witting II', 'Quia reprehenderit qui ut quia tenetur et. Qui beatae velit officiis facere.', 3, '2018-05-11 07:58:28', '2018-05-11 07:58:28'),
(19, 17, 'Merle Price', 'In nisi inventore qui temporibus quae. Molestiae similique alias excepturi temporibus non consequatur veritatis. Eos voluptas magni incidunt. Corrupti dolores sequi repellat in quam quae numquam.', 1, '2018-05-11 07:58:28', '2018-05-11 07:58:28'),
(20, 59, 'Prof. Lupe Nader IV', 'Repellendus odio et nesciunt molestiae eos neque sed. Sit eos cupiditate repellat porro reprehenderit. Neque quibusdam atque officia consectetur.', 4, '2018-05-11 07:58:28', '2018-05-11 07:58:28'),
(21, 46, 'Garrett Gislason', 'Voluptas dolorem quo expedita. Qui maxime eum molestiae commodi quia est libero. Eum vitae aperiam et commodi doloribus optio ipsam. Magni architecto quos sit.', 0, '2018-05-11 07:58:28', '2018-05-11 07:58:28'),
(22, 96, 'Arturo Stiedemann', 'Ut qui ut nostrum voluptatem perspiciatis quas. Pariatur dolores ut corrupti sed consequatur. Molestias cupiditate ea cum quis totam molestias. Ullam rerum aut consequatur. Itaque et aut consequatur.', 0, '2018-05-11 07:58:28', '2018-05-11 07:58:28'),
(23, 7, 'Maribel Gleichner II', 'Aliquid accusamus quo enim omnis recusandae. Dolorem explicabo aspernatur velit et animi alias tenetur. Expedita quos earum quo doloremque repudiandae.', 2, '2018-05-11 07:58:28', '2018-05-11 07:58:28'),
(24, 94, 'Mrs. Icie Brown', 'Tempore quam sed eligendi autem qui natus provident. Non accusamus magnam cupiditate aut aspernatur in laboriosam. Ab ipsum in error maiores qui at.', 1, '2018-05-11 07:58:28', '2018-05-11 07:58:28'),
(25, 67, 'Mateo Cremin', 'Qui illum adipisci est autem quod voluptas magni excepturi. Qui voluptatibus libero et non temporibus.', 4, '2018-05-11 07:58:28', '2018-05-11 07:58:28'),
(26, 21, 'Carroll Harber', 'Temporibus corrupti ut magni aut quis sunt. Illum architecto perferendis molestiae optio sunt. Sunt et dolorem debitis asperiores error autem.', 3, '2018-05-11 07:58:28', '2018-05-11 07:58:28'),
(27, 48, 'Gideon Jacobson', 'Unde suscipit sed expedita qui. Saepe eum aliquam aspernatur nesciunt pariatur facilis. Blanditiis laborum possimus quibusdam ut blanditiis est harum.', 2, '2018-05-11 07:58:28', '2018-05-11 07:58:28'),
(28, 2, 'Lonny Rau III', 'Dicta suscipit dolorem quam cupiditate aut velit amet. Aut est et sed qui. Suscipit nulla quis doloremque quae. Aut optio iure velit eos est minima voluptatem.', 3, '2018-05-11 07:58:28', '2018-05-11 07:58:28'),
(29, 44, 'Aliya Adams III', 'Fugit id eum quibusdam et animi. Quidem commodi provident repudiandae numquam dolor voluptas. Sequi eaque est autem nulla nostrum. Ut corporis deserunt ipsa eius repellat inventore.', 0, '2018-05-11 07:58:28', '2018-05-11 07:58:28'),
(30, 58, 'Elsa O\'Hara', 'Quia placeat itaque blanditiis nostrum est nobis aperiam. Quia vitae nihil dolores adipisci deserunt. Dicta suscipit ut sequi consequuntur ullam incidunt.', 3, '2018-05-11 07:58:28', '2018-05-11 07:58:28'),
(31, 12, 'Rhett Braun', 'Vel laudantium eaque rerum ad dignissimos. Facere tempora magnam aut inventore. Ut repudiandae et illum dolor laudantium neque ut. Nesciunt unde blanditiis unde.', 1, '2018-05-11 07:58:28', '2018-05-11 07:58:28'),
(32, 5, 'Dr. Rasheed Keebler', 'Ducimus ut odio ullam voluptas et. Deserunt impedit porro non fugiat. Vitae ducimus accusamus sed voluptas repudiandae.', 1, '2018-05-11 07:58:28', '2018-05-11 07:58:28'),
(33, 10, 'Dr. Clotilde Romaguera I', 'Nostrum sit ipsam ipsum quibusdam nihil. Perspiciatis qui ex possimus enim. Rerum excepturi qui est eligendi dignissimos aut praesentium. Harum et cum quam magni vel magnam minus.', 3, '2018-05-11 07:58:28', '2018-05-11 07:58:28'),
(34, 39, 'Evelyn Quitzon', 'Non possimus ullam at unde aut eos numquam aut. Asperiores eos sunt nihil quia aspernatur quia at. Est nobis quae ut officia. Id accusantium autem velit et nesciunt voluptate totam fugit.', 4, '2018-05-11 07:58:28', '2018-05-11 07:58:28'),
(35, 33, 'Miss Therese Krajcik PhD', 'Culpa quia debitis vel et dolores id. Dicta provident suscipit deserunt vel. Error itaque debitis beatae dicta aut dolores adipisci molestiae. Aliquid voluptatibus eaque ut nemo.', 2, '2018-05-11 07:58:28', '2018-05-11 07:58:28'),
(36, 6, 'Everett Kautzer', 'Aspernatur eos quas eius fuga rem qui. Optio reiciendis fuga praesentium est mollitia. Rem quo quis quaerat quasi distinctio quia ea. Rerum id sit dolore ut deleniti.', 3, '2018-05-11 07:58:28', '2018-05-11 07:58:28'),
(37, 20, 'Jaeden Kassulke', 'Unde porro aut eaque cum iure nam saepe commodi. Itaque odit voluptatem totam est sequi nisi. Voluptatem dicta unde est.', 1, '2018-05-11 07:58:28', '2018-05-11 07:58:28'),
(38, 8, 'Leanna Collins', 'Rerum esse error saepe error. Mollitia quia eos ea voluptas iure omnis omnis. Ut facere natus debitis nisi. Molestias quasi et soluta velit nemo. Dolores aut totam numquam repudiandae dignissimos.', 0, '2018-05-11 07:58:28', '2018-05-11 07:58:28'),
(39, 16, 'Euna Weissnat', 'Esse ducimus iusto asperiores sed. Hic qui rerum inventore id omnis sed. Dolorum dignissimos ut ut. Maxime repudiandae non a nemo ut.', 5, '2018-05-11 07:58:28', '2018-05-11 07:58:28'),
(40, 17, 'Ulises Rau', 'Et et qui nihil sed atque qui. Officiis dolorum et autem reiciendis quos.', 3, '2018-05-11 07:58:28', '2018-05-11 07:58:28'),
(41, 91, 'Della Hyatt DDS', 'Itaque quia aut voluptatem labore est laborum. Molestiae et quod perspiciatis cum ut. Temporibus doloribus maxime id voluptas id fugiat occaecati quo. Dolores aspernatur ab ipsum labore aut.', 1, '2018-05-11 07:58:28', '2018-05-11 07:58:28'),
(42, 6, 'Kale Hills', 'Eveniet atque ipsam nobis ullam qui quod. Qui consequatur eum magni voluptatem praesentium quibusdam voluptatem. Laboriosam exercitationem doloribus quo nam laborum nobis nihil.', 0, '2018-05-11 07:58:28', '2018-05-11 07:58:28'),
(43, 54, 'Lillie Conroy', 'Autem reiciendis impedit quas doloribus est molestiae error. Libero exercitationem sit dolorem. Nisi dicta eos sequi repudiandae et. Placeat maxime alias aut.', 5, '2018-05-11 07:58:28', '2018-05-11 07:58:28'),
(44, 43, 'Summer Konopelski', 'Eos corporis corrupti distinctio nesciunt at voluptatem velit. Rerum similique ut est et quis dolore aliquid recusandae. Voluptatem aut sequi officia consequuntur et est.', 2, '2018-05-11 07:58:28', '2018-05-11 07:58:28'),
(45, 66, 'Dejah Hagenes DDS', 'Est rerum culpa ea dolor tempore commodi aliquam et. Voluptatem voluptates et et amet vel. Deleniti doloribus doloribus reiciendis. Laborum omnis velit et consequatur eius repudiandae minima.', 2, '2018-05-11 07:58:28', '2018-05-11 07:58:28'),
(46, 39, 'Mazie Zulauf', 'Id qui perspiciatis ratione deleniti rerum sequi delectus. Harum magni ad ex. Nihil molestiae odit quasi. Ut repudiandae earum vero esse voluptatem.', 4, '2018-05-11 07:58:28', '2018-05-11 07:58:28'),
(47, 35, 'Kameron Barrows', 'Ab libero eligendi corporis quia. A quam repellendus repellat est tempore. Asperiores iure non eaque fugiat molestiae deserunt. Omnis iure velit hic sint doloremque.', 0, '2018-05-11 07:58:28', '2018-05-11 07:58:28'),
(48, 56, 'Prof. Deven Baumbach III', 'Eos consequatur repellendus iure hic. Magnam et placeat nulla facere. Veniam iste tempore ad.', 1, '2018-05-11 07:58:28', '2018-05-11 07:58:28'),
(49, 26, 'Dr. Dallin Walter I', 'Ut est aliquid sint similique. Sed veniam vel alias non omnis explicabo ipsum voluptatum. Est omnis et laborum qui. Distinctio laboriosam aut omnis magnam sunt repellendus dolorem recusandae.', 2, '2018-05-11 07:58:28', '2018-05-11 07:58:28'),
(50, 39, 'Marguerite Mraz', 'Laboriosam consequuntur velit inventore possimus hic eius aperiam quia. Ratione consequatur et quam odit aut quos delectus. Cumque saepe sint tenetur id.', 5, '2018-05-11 07:58:28', '2018-05-11 07:58:28'),
(51, 34, 'Theodora Wyman', 'Molestias sunt error error recusandae animi non veritatis tenetur. Est fugiat suscipit delectus quis sint ut. Sit beatae aut aut repellendus blanditiis.', 5, '2018-05-11 07:58:28', '2018-05-11 07:58:28'),
(52, 59, 'Cameron Hettinger II', 'Sequi qui dolorem illum quia. Officiis qui similique numquam sapiente ipsa nihil ullam. Occaecati eligendi sapiente reiciendis et. Saepe sit quas distinctio totam id.', 0, '2018-05-11 07:58:28', '2018-05-11 07:58:28'),
(53, 77, 'Newton Brown', 'Sit quisquam aliquid cumque laborum. Quam consequuntur provident et ullam aut molestiae. Ut voluptates minus harum autem aspernatur.', 0, '2018-05-11 07:58:28', '2018-05-11 07:58:28'),
(54, 96, 'Prof. Giovanny Kertzmann MD', 'Amet suscipit culpa et nesciunt. Sit aut autem dignissimos amet dignissimos fugiat fugiat atque. Itaque et atque aut doloremque accusamus corrupti atque. Animi aliquid voluptate molestiae rerum.', 0, '2018-05-11 07:58:28', '2018-05-11 07:58:28'),
(55, 64, 'Dr. Destinee Wintheiser I', 'Aliquam aut nulla aut hic nisi. Nihil soluta distinctio quia quam eos porro. Consequuntur id quae iste aut repudiandae quo temporibus odit.', 3, '2018-05-11 07:58:28', '2018-05-11 07:58:28'),
(56, 78, 'Joseph Conn', 'Dolores nisi eveniet quisquam facere. Et odio non qui excepturi necessitatibus amet enim. Dolore voluptate nemo iure maiores error at qui.', 3, '2018-05-11 07:58:28', '2018-05-11 07:58:28'),
(57, 32, 'Jesus Jenkins', 'Tenetur odit sequi adipisci rerum. Est dolorum impedit laudantium dolorum aut. Perferendis dolorum id sequi sint alias qui nulla.', 5, '2018-05-11 07:58:28', '2018-05-11 07:58:28'),
(58, 65, 'Sabrina Daugherty', 'Odio quod accusamus eaque sapiente omnis. Et rerum voluptatem ducimus ut accusantium. Eum fugit alias nam inventore quasi et quis atque. Ex maxime odio impedit quia.', 1, '2018-05-11 07:58:28', '2018-05-11 07:58:28'),
(59, 22, 'Doug Grady', 'Quas architecto unde itaque rerum aut ad. Ducimus quia mollitia voluptatum animi commodi et. Sequi nisi quas deleniti et minima est odio eius. Quasi harum officiis voluptatem odit.', 1, '2018-05-11 07:58:28', '2018-05-11 07:58:28'),
(60, 62, 'Mrs. Ebony Goldner MD', 'Esse et corrupti ducimus eveniet natus qui. Soluta minus excepturi occaecati est et dolorem facere. Voluptas est perspiciatis ut. Voluptas et recusandae officia sint reiciendis.', 1, '2018-05-11 07:58:28', '2018-05-11 07:58:28'),
(61, 30, 'Savannah Bayer', 'Repudiandae corrupti assumenda aliquid totam repellat assumenda. Tenetur sed et quasi atque fugiat. Eligendi ratione quaerat aut culpa non.', 0, '2018-05-11 07:58:28', '2018-05-11 07:58:28'),
(62, 27, 'Prof. William Beatty', 'Occaecati cumque doloremque quos et. Sed et perferendis consequuntur autem. Voluptatum rem animi quam hic eum dicta fugiat.', 4, '2018-05-11 07:58:28', '2018-05-11 07:58:28'),
(63, 5, 'Mr. Cullen Hilpert II', 'Mollitia temporibus autem quisquam excepturi eum. Iste minima aut dolorem aut. Laborum distinctio optio laudantium dolorem rerum dolorem.', 3, '2018-05-11 07:58:28', '2018-05-11 07:58:28'),
(64, 80, 'Kari Smith', 'Odio earum officia similique temporibus. Vel ut facere laboriosam eligendi. In illo harum odio quia quae at. Cupiditate earum perferendis nostrum sunt. Ullam aliquam cumque omnis ea consequatur.', 3, '2018-05-11 07:58:28', '2018-05-11 07:58:28'),
(65, 19, 'Tito Prohaska DDS', 'Dignissimos recusandae ex perspiciatis mollitia perferendis est consectetur. Voluptatum molestias voluptas est quia enim ratione suscipit qui. Minima eos necessitatibus reprehenderit sed.', 2, '2018-05-11 07:58:28', '2018-05-11 07:58:28'),
(66, 53, 'Amina McGlynn PhD', 'Incidunt dolores nulla et molestias ut vel qui quia. Voluptatem praesentium ex autem. Pariatur molestiae eligendi minus rerum.', 1, '2018-05-11 07:58:28', '2018-05-11 07:58:28'),
(67, 12, 'Tatyana Ziemann II', 'Sequi voluptas sed rerum in non dolores illum natus. Laudantium voluptatem et aut dolorum nulla. Animi beatae commodi dolorem quod.', 5, '2018-05-11 07:58:28', '2018-05-11 07:58:28'),
(68, 93, 'Bailey Hintz', 'Excepturi vel eum tempore praesentium rerum expedita. Minus pariatur nihil nulla odio non. Vitae voluptatem odio consequatur quae omnis nihil itaque et.', 2, '2018-05-11 07:58:28', '2018-05-11 07:58:28'),
(69, 75, 'Moshe Gusikowski', 'Minus cumque ut voluptas iure. Incidunt vel id in provident.', 4, '2018-05-11 07:58:28', '2018-05-11 07:58:28'),
(70, 76, 'Dudley Swaniawski', 'Et tempora blanditiis in ipsam. Magni in perspiciatis quia ut totam et quam. Ratione quasi omnis earum ipsam eos ipsam. Vero at quae aut inventore illo.', 0, '2018-05-11 07:58:28', '2018-05-11 07:58:28'),
(71, 15, 'Judge Tillman', 'Consequatur qui et eius odit molestiae eum sint. Fuga impedit voluptates corrupti consequatur ullam minima sunt voluptates. Occaecati quas reprehenderit vero minima nihil.', 5, '2018-05-11 07:58:28', '2018-05-11 07:58:28'),
(72, 92, 'Bridget Koch V', 'Nobis facere aut nobis impedit. Voluptas beatae modi ipsa et id culpa dolore. Voluptatibus explicabo sint facilis laboriosam dolorem. Id officiis recusandae numquam optio illo eum molestias cumque.', 0, '2018-05-11 07:58:28', '2018-05-11 07:58:28'),
(73, 55, 'Burdette Johnson', 'At explicabo vero animi eveniet repudiandae est qui. Et veniam sit illum non rem ut qui. Autem consectetur quo qui voluptates officia. Et rerum et inventore provident sint.', 0, '2018-05-11 07:58:28', '2018-05-11 07:58:28'),
(74, 92, 'Houston Tillman', 'Eum non dolor illo laudantium modi. Et similique sed nemo omnis odio dolor voluptatum. Quisquam voluptas veritatis consequatur consequuntur sint. Autem commodi minus est illo saepe et animi expedita.', 4, '2018-05-11 07:58:28', '2018-05-11 07:58:28'),
(75, 59, 'Prof. Olga Wilderman', 'Vero id laborum aut cum et. Autem nihil est tenetur ipsa quidem nesciunt sunt. Nihil qui officiis esse quod nam error iure. Quis quaerat ad voluptatibus ut. Consequatur eius aut dolor.', 0, '2018-05-11 07:58:28', '2018-05-11 07:58:28'),
(76, 19, 'Miss Stephany Aufderhar', 'Enim fugiat nostrum corporis rerum. Aut quia est non. Ut et debitis iusto saepe et enim. Iste natus dolore eum facilis similique ex voluptatem.', 5, '2018-05-11 07:58:28', '2018-05-11 07:58:28'),
(77, 63, 'Mr. Sven Pfeffer DDS', 'Ullam nulla aut quod aut quo ut recusandae. Non nemo quo assumenda quaerat facere praesentium explicabo harum. Impedit consequuntur harum et qui.', 3, '2018-05-11 07:58:28', '2018-05-11 07:58:28'),
(78, 32, 'Dr. Adeline O\'Hara', 'Placeat atque et amet voluptatibus. Laudantium est animi ducimus necessitatibus eaque officia similique. Ut est eligendi eveniet aut. Ratione est totam cupiditate vel.', 2, '2018-05-11 07:58:28', '2018-05-11 07:58:28'),
(79, 69, 'Miss Lelia Bode IV', 'Molestiae eum et velit asperiores. Voluptatem sit adipisci aut ea maxime animi. Magni enim rerum ut numquam magni.', 0, '2018-05-11 07:58:28', '2018-05-11 07:58:28'),
(80, 96, 'Walter Lesch', 'Id dignissimos officiis voluptatem nihil. Sit autem aperiam qui molestiae et. Adipisci esse doloribus minus voluptate. Et nam dolores et consectetur consequatur qui qui.', 5, '2018-05-11 07:58:28', '2018-05-11 07:58:28'),
(81, 52, 'Miller Kertzmann', 'Autem totam quia harum molestiae. Quae enim nam nihil sapiente debitis. Culpa et ipsam aut perspiciatis quibusdam voluptates atque. Dicta et ex dolorem et ut temporibus.', 4, '2018-05-11 07:58:28', '2018-05-11 07:58:28'),
(82, 66, 'Erika King', 'Sequi ex adipisci aut hic. Ut et modi odit dolor ducimus eaque. Voluptas molestias fuga suscipit sit quod molestiae aut et. Blanditiis cupiditate voluptas repellat sequi.', 5, '2018-05-11 07:58:28', '2018-05-11 07:58:28'),
(83, 89, 'Mrs. Prudence Lynch MD', 'Tempore enim qui iure id illo. Dolor repudiandae nobis voluptatem quis et velit. Architecto modi laboriosam quia officia quis. Quia aut nobis nostrum earum.', 3, '2018-05-11 07:58:28', '2018-05-11 07:58:28'),
(84, 92, 'Ryleigh Davis', 'Autem aut atque aut. Quia commodi corrupti eius tenetur dolorem. Porro et et sed quia incidunt. Placeat rerum et error est repellat aut.', 3, '2018-05-11 07:58:28', '2018-05-11 07:58:28'),
(85, 10, 'Kasandra Toy', 'Quis odit rerum nihil nobis ducimus mollitia a. Illo possimus quam sapiente fugit consequatur quibusdam. Est modi numquam est architecto vel qui quae. Quia veritatis dolore repellat et dolore.', 5, '2018-05-11 07:58:28', '2018-05-11 07:58:28'),
(86, 15, 'Garth Kemmer', 'Voluptate perferendis et aut velit ea recusandae quod provident. Dicta sit dolorum velit quasi.', 0, '2018-05-11 07:58:28', '2018-05-11 07:58:28'),
(87, 73, 'Gennaro Roob PhD', 'Nam laudantium quis et aut voluptas molestias. Ipsam id corporis qui doloribus quo repellat numquam. Minima necessitatibus vel et facere fuga vel sed.', 2, '2018-05-11 07:58:28', '2018-05-11 07:58:28'),
(88, 4, 'Dr. Abdiel Abshire Jr.', 'Excepturi quo unde perspiciatis veniam. Tempora velit quo voluptas consequatur debitis dicta illo. Laboriosam porro amet laboriosam nisi voluptas ratione.', 5, '2018-05-11 07:58:28', '2018-05-11 07:58:28'),
(89, 92, 'Ottilie Langosh', 'Molestiae omnis repudiandae inventore atque. Sit ipsam corporis a optio. Eaque ipsa quis numquam quo. Et ea est soluta dolorem.', 3, '2018-05-11 07:58:28', '2018-05-11 07:58:28'),
(90, 30, 'D\'angelo Friesen', 'Voluptatem aperiam aliquam repellendus odit nihil. Veritatis suscipit ipsa dolorem expedita labore molestiae. Saepe animi facere assumenda et ipsum omnis.', 0, '2018-05-11 07:58:28', '2018-05-11 07:58:28'),
(91, 1, 'Bettye Casper', 'Illum et qui temporibus labore. Eius nobis dolor quam ea laborum. Id reiciendis maiores quaerat dolorem modi. A pariatur at nihil qui labore in.', 4, '2018-05-11 07:58:28', '2018-05-11 07:58:28'),
(92, 91, 'Kaela Turcotte', 'Perspiciatis corrupti fuga sint expedita eligendi. Vero dolores eaque dolores delectus laudantium animi rem. Sit fugit impedit voluptas numquam. Voluptas rerum in officia eos.', 3, '2018-05-11 07:58:28', '2018-05-11 07:58:28'),
(93, 20, 'Prof. Hollis Hyatt', 'Ratione aliquam voluptas adipisci ex et rerum. Et excepturi ea quas voluptas praesentium. Accusantium expedita quia amet rerum animi.', 4, '2018-05-11 07:58:28', '2018-05-11 07:58:28'),
(94, 34, 'Colin Schulist', 'Veniam amet nihil dolorum iusto incidunt. Odit harum hic ipsa. Rerum harum nemo enim possimus numquam quis odit. Sit rerum ipsum occaecati incidunt eveniet tempore recusandae.', 0, '2018-05-11 07:58:28', '2018-05-11 07:58:28'),
(95, 96, 'Dr. Tyrique Hegmann', 'Nobis quod mollitia architecto adipisci. Aut ipsum sapiente ea id. Nihil et sint incidunt. Dolorem quasi voluptatem et dolorem voluptatem qui. Et saepe omnis totam sed explicabo saepe et.', 4, '2018-05-11 07:58:28', '2018-05-11 07:58:28'),
(96, 9, 'Clemens Wuckert', 'Numquam debitis maiores et dignissimos. Sunt maiores dolor sit labore labore doloremque quam. Beatae quia molestiae nemo molestias non ut et quo.', 3, '2018-05-11 07:58:28', '2018-05-11 07:58:28'),
(97, 73, 'Ms. Christiana Adams', 'Ducimus alias voluptate veniam amet voluptates neque eligendi. Ipsa dolores assumenda mollitia reprehenderit sequi sed et. Voluptas reiciendis vel est omnis et quisquam.', 0, '2018-05-11 07:58:28', '2018-05-11 07:58:28'),
(98, 70, 'Jacquelyn Hermiston', 'Ut ipsam ipsam ea ad dolor vero eius. Repellat cupiditate vitae facere. Ut qui sint omnis laboriosam eveniet adipisci. Maxime sapiente dolores ut dolores laudantium.', 1, '2018-05-11 07:58:28', '2018-05-11 07:58:28'),
(99, 40, 'Ms. Hallie Blick', 'Sunt odit aliquid quam quasi. Assumenda pariatur laborum eveniet. Quidem vel recusandae corrupti accusantium ab nulla.', 4, '2018-05-11 07:58:28', '2018-05-11 07:58:28'),
(100, 6, 'Hilma Barrows', 'Est nobis nobis qui aut quis. Aut minima praesentium tempora esse voluptas. Ut est consequatur officia voluptate. Facilis error magnam perferendis dicta error deleniti.', 4, '2018-05-11 07:58:28', '2018-05-11 07:58:28'),
(101, 60, 'Johanna Bechtelar', 'Ut quisquam autem aut optio. Magni qui sunt labore officia reprehenderit.', 1, '2018-05-11 07:58:28', '2018-05-11 07:58:28'),
(102, 66, 'Joanne Hoeger', 'Eveniet facere aut maxime laborum dignissimos. Expedita omnis dolores aperiam id quam error. Est laborum quo cupiditate dolor tempore dicta.', 2, '2018-05-11 07:58:28', '2018-05-11 07:58:28'),
(103, 9, 'Mrs. Rachelle Nicolas V', 'In molestiae ut aperiam voluptatem. Porro minus omnis occaecati aut iste voluptatem ullam. Sed quaerat iste laboriosam qui vitae. At fugit quia et qui.', 3, '2018-05-11 07:58:28', '2018-05-11 07:58:28'),
(104, 26, 'Elsa Botsford I', 'Quis officiis quibusdam mollitia. Earum et dolor reprehenderit ipsa ut enim eos. Ut veritatis culpa ut ipsa.', 0, '2018-05-11 07:58:28', '2018-05-11 07:58:28'),
(105, 2, 'Jerry Franecki', 'Qui doloremque porro debitis molestiae enim. Illo nihil hic illum quae. Sed magnam et et dolorum.', 1, '2018-05-11 07:58:28', '2018-05-11 07:58:28'),
(106, 28, 'Christiana Nitzsche', 'Consequuntur dignissimos et officia quaerat molestiae et. Nesciunt unde est et quaerat nisi hic. Magnam soluta sed deleniti voluptatem ipsam modi.', 1, '2018-05-11 07:58:28', '2018-05-11 07:58:28'),
(107, 91, 'Travis Roob', 'Provident enim nostrum harum. Suscipit tempore odio ut ad. Nemo at enim numquam.', 5, '2018-05-11 07:58:28', '2018-05-11 07:58:28'),
(108, 72, 'Chadd Okuneva', 'Porro fugit qui consequatur tempora. Quisquam ut eveniet et aut.', 4, '2018-05-11 07:58:28', '2018-05-11 07:58:28'),
(109, 52, 'Sharon Wilkinson', 'Nisi iste corporis deserunt asperiores. Tempore laudantium qui atque sit. Blanditiis voluptatem nisi quia provident enim sed autem.', 5, '2018-05-11 07:58:28', '2018-05-11 07:58:28'),
(110, 5, 'Marcelina Jones Jr.', 'Possimus aut omnis quo quam. Animi mollitia iusto aut facere.', 1, '2018-05-11 07:58:28', '2018-05-11 07:58:28'),
(111, 91, 'Prof. Amira Windler', 'Voluptatibus dolores aliquam at aut dolores aut. Possimus harum eaque non quia autem sapiente. Quibusdam rem eos et sint magni error repudiandae est. Qui fugit commodi repellat harum.', 0, '2018-05-11 07:58:28', '2018-05-11 07:58:28'),
(112, 80, 'Koby Lindgren', 'Mollitia in et molestiae laboriosam sed voluptatem. Qui laboriosam adipisci molestias autem sint excepturi omnis. A alias doloribus minus optio sint.', 0, '2018-05-11 07:58:28', '2018-05-11 07:58:28'),
(113, 31, 'Robb Wiegand Sr.', 'Veniam aliquam est et quia labore natus ea odit. Voluptas magni nisi unde. Eaque inventore ut omnis ut ipsum vel. Sed magni nobis ut qui sit.', 0, '2018-05-11 07:58:28', '2018-05-11 07:58:28'),
(114, 53, 'Anderson Marvin PhD', 'Adipisci delectus omnis quia sit sed sit. Non nostrum corrupti officia exercitationem. Velit consectetur nostrum ut possimus.', 4, '2018-05-11 07:58:28', '2018-05-11 07:58:28'),
(115, 66, 'Madeline Reichel', 'Iusto repellat pariatur et fuga. Porro officia iure iste ut sit qui. Expedita eum et dolore et. Numquam esse incidunt quia corrupti aut earum cum.', 5, '2018-05-11 07:58:28', '2018-05-11 07:58:28'),
(116, 45, 'Soledad Yost', 'Totam ullam eaque a quidem dolores. Odio aspernatur ut assumenda ut enim eligendi. Facere nihil id ut nam.', 1, '2018-05-11 07:58:28', '2018-05-11 07:58:28'),
(117, 89, 'Dr. Rosie Effertz', 'Ex quibusdam in pariatur excepturi aut. Quos ut aspernatur aperiam est. Quia ad praesentium temporibus voluptatem sunt asperiores.', 5, '2018-05-11 07:58:28', '2018-05-11 07:58:28'),
(118, 44, 'Prof. Westley Witting MD', 'Aspernatur asperiores voluptatem sed ut quam perferendis. Nisi aut illo voluptatum architecto voluptas. Labore porro quo praesentium deleniti dolorum. Consectetur nisi itaque amet et autem eum velit.', 3, '2018-05-11 07:58:28', '2018-05-11 07:58:28'),
(119, 18, 'Gracie Hettinger', 'Saepe voluptatem unde cupiditate alias perspiciatis earum. Dignissimos quis rem dicta enim molestiae aliquam sit est. Qui eum quia aut impedit. Non cupiditate beatae esse.', 0, '2018-05-11 07:58:28', '2018-05-11 07:58:28'),
(120, 59, 'Dr. Clarabelle Hudson', 'Odit praesentium itaque eius in. Fuga corporis qui illum nostrum quis non consequuntur. Ut eveniet voluptas deleniti quo est voluptatibus autem occaecati. Rem tempora dolorem in sed non fugit.', 2, '2018-05-11 07:58:28', '2018-05-11 07:58:28'),
(121, 29, 'Dr. Brayan Schimmel PhD', 'Quia autem qui a beatae et. Atque a debitis porro iure laudantium. Illo voluptas aut incidunt quod minus rem fugiat atque. Consequatur illo aliquid sed impedit sint.', 5, '2018-05-11 07:58:28', '2018-05-11 07:58:28'),
(122, 66, 'Jadyn Gerhold', 'Harum ut aut unde. Qui rerum deleniti aut quo maiores. Ea id consectetur commodi. Quas omnis aut eaque et nam aut.', 0, '2018-05-11 07:58:28', '2018-05-11 07:58:28'),
(123, 34, 'Ricky Rice', 'Qui vero saepe dolor inventore commodi. Et quia dolor laborum incidunt eos quia. Atque et esse magnam qui. Vel delectus eos autem qui molestiae corrupti.', 0, '2018-05-11 07:58:28', '2018-05-11 07:58:28'),
(124, 50, 'Sydnie Doyle I', 'Nobis dolores in molestias ab. Qui commodi et voluptatem neque atque corrupti quasi qui.', 0, '2018-05-11 07:58:28', '2018-05-11 07:58:28'),
(125, 6, 'Johanna O\'Connell', 'Placeat et reiciendis in quisquam itaque omnis. Neque nam minima qui sapiente et quidem nam. Ut et quo harum libero velit.', 4, '2018-05-11 07:58:28', '2018-05-11 07:58:28'),
(126, 10, 'Steve Bergstrom', 'Necessitatibus expedita deserunt quas commodi vitae itaque. Sunt dolores autem fugit nostrum delectus sunt. Ducimus rerum vitae voluptatem facere sed. Eum praesentium et voluptatem est vel sed totam.', 2, '2018-05-11 07:58:28', '2018-05-11 07:58:28'),
(127, 30, 'Mauricio Hahn', 'Explicabo culpa iure soluta provident laboriosam voluptatum. Laboriosam dolores aperiam quis. Non quo et aut iusto voluptate.', 3, '2018-05-11 07:58:28', '2018-05-11 07:58:28'),
(128, 18, 'Jessyca O\'Kon', 'Sint laborum veniam qui suscipit delectus sequi. Omnis dolorem voluptatibus dicta nesciunt atque id quisquam. Voluptatem aut expedita mollitia alias.', 3, '2018-05-11 07:58:28', '2018-05-11 07:58:28'),
(129, 32, 'Mortimer Kuphal II', 'Facere quaerat dolorem quae nulla autem ut. Iste quo officiis expedita enim omnis. Et minima voluptatum fugiat ea nihil blanditiis sequi alias.', 3, '2018-05-11 07:58:28', '2018-05-11 07:58:28'),
(130, 38, 'Patsy Doyle', 'Tempore soluta nesciunt perferendis voluptatem et aut blanditiis. Temporibus voluptas sed in fugiat. Inventore non aspernatur molestiae ut vel ut quia. Facere officia repellat qui.', 3, '2018-05-11 07:58:28', '2018-05-11 07:58:28'),
(131, 96, 'Mr. Woodrow Ledner', 'Ut sunt mollitia quisquam ut. Rerum saepe inventore molestias modi eligendi totam dolore. Molestiae voluptate et excepturi tempora. Voluptas corporis nulla sint voluptate est.', 2, '2018-05-11 07:58:28', '2018-05-11 07:58:28'),
(132, 58, 'Celestine Schamberger', 'Modi delectus asperiores nihil a qui ut sint. Quod non quaerat dolorem assumenda id. Tenetur voluptatem molestiae accusamus quisquam aut.', 5, '2018-05-11 07:58:28', '2018-05-11 07:58:28'),
(133, 40, 'Mr. Maynard Haag', 'Vero consequuntur iste quia. Necessitatibus rerum soluta illo cum magni provident molestiae. Saepe optio tempora molestiae adipisci blanditiis aut.', 0, '2018-05-11 07:58:28', '2018-05-11 07:58:28'),
(134, 11, 'Patrick Parisian', 'Incidunt ullam nostrum vitae est. Ut tempore error ipsam quas rerum. Magni voluptatem nihil sit qui corporis ullam dolor. Quia minima eos similique laborum itaque et molestiae.', 2, '2018-05-11 07:58:28', '2018-05-11 07:58:28'),
(135, 15, 'Grady Stanton', 'Ut optio possimus totam maiores. Velit rerum corporis quisquam corporis ullam porro. Libero alias enim saepe.', 3, '2018-05-11 07:58:28', '2018-05-11 07:58:28'),
(136, 90, 'Yessenia Swift', 'Maiores sunt soluta ducimus nulla illo vel earum. A adipisci non omnis excepturi deleniti amet eos. Et sint dolorum debitis eligendi maiores aliquam.', 5, '2018-05-11 07:58:28', '2018-05-11 07:58:28'),
(137, 90, 'Jacques Kilback', 'Qui eligendi quia voluptatem voluptatem ex. Hic at eum est sint laborum. Nam rem nesciunt sunt alias. Ut aliquam aliquid et est qui dolor.', 5, '2018-05-11 07:58:28', '2018-05-11 07:58:28'),
(138, 66, 'Linnie Turcotte', 'Harum ratione placeat sit beatae est vel ullam. Incidunt sunt sit doloremque soluta ut.', 1, '2018-05-11 07:58:28', '2018-05-11 07:58:28'),
(139, 75, 'Janet Beahan I', 'Sed dolor qui quis ea quam. Et soluta nostrum ipsam id dolores doloribus. Aut minus nemo et incidunt est eveniet esse. Perferendis temporibus in adipisci.', 2, '2018-05-11 07:58:28', '2018-05-11 07:58:28'),
(140, 8, 'Mr. Blake Collier Jr.', 'Recusandae id eos libero laboriosam nisi laboriosam. Voluptatum voluptas eos voluptate dolores quas. Reiciendis voluptatem odio neque iure eius ad ratione quia.', 1, '2018-05-11 07:58:28', '2018-05-11 07:58:28'),
(141, 58, 'Dr. Abagail Hackett DDS', 'Ipsam dicta libero veniam praesentium pariatur. Quibusdam debitis quo enim autem sunt recusandae. Saepe qui eum deleniti aut corrupti dolor. Fugiat ea magni ea qui adipisci molestias.', 3, '2018-05-11 07:58:28', '2018-05-11 07:58:28'),
(142, 54, 'Keshaun Barrows Jr.', 'Optio cupiditate laudantium corporis voluptas qui harum. Voluptatem culpa quia aut ratione dolor sunt. Qui suscipit consequatur similique molestiae.', 4, '2018-05-11 07:58:28', '2018-05-11 07:58:28'),
(143, 43, 'Ms. Leda Considine V', 'Et labore suscipit aut blanditiis nihil. Labore nobis ut et nisi enim magnam dolor. Illum deleniti optio in blanditiis eos voluptatem architecto perspiciatis.', 5, '2018-05-11 07:58:28', '2018-05-11 07:58:28'),
(144, 57, 'Ms. Yazmin Mitchell', 'Atque iure maxime doloribus praesentium necessitatibus sit. Impedit facilis quo praesentium perspiciatis doloremque.', 5, '2018-05-11 07:58:28', '2018-05-11 07:58:28'),
(145, 84, 'Daphnee Klocko', 'Rerum eum hic sed aut repudiandae. Iste incidunt sequi quis ducimus. Aut atque sit consequatur consectetur.', 5, '2018-05-11 07:58:28', '2018-05-11 07:58:28'),
(146, 36, 'Candace Konopelski', 'Quo explicabo rerum fugit est sequi harum. Animi quia quae qui molestiae deleniti est quaerat occaecati. Voluptatum at possimus tenetur temporibus nihil magni maiores.', 4, '2018-05-11 07:58:28', '2018-05-11 07:58:28'),
(147, 97, 'Janet Hilpert', 'Provident ipsam velit exercitationem quisquam. Est dolorem sit ea aspernatur. Et debitis magnam qui nobis officiis hic ut.', 2, '2018-05-11 07:58:28', '2018-05-11 07:58:28'),
(148, 47, 'Lisette Shields', 'Enim sunt et sapiente maiores natus. Et quae maiores iure quam rerum rerum deserunt maxime. Iure quis magnam distinctio earum omnis dolorem. Est cumque saepe voluptatem.', 0, '2018-05-11 07:58:28', '2018-05-11 07:58:28'),
(149, 43, 'Kale Quigley III', 'Repellat autem sit rem. Odio dolor voluptatem modi voluptas ipsam. Possimus et vitae molestiae corporis. Et ab voluptas exercitationem totam.', 2, '2018-05-11 07:58:28', '2018-05-11 07:58:28'),
(150, 8, 'Noemie Swaniawski', 'Eveniet vel ducimus qui quis fugit inventore sunt. Ipsa inventore quam rerum reiciendis natus quisquam ut. Aut minus harum quisquam ipsa. Veniam officia architecto quam laudantium.', 5, '2018-05-11 07:58:28', '2018-05-11 07:58:28'),
(151, 85, 'Stanford Wyman', 'Autem consequatur dolore ratione rerum. Dolores officiis ut ut. Consequatur ipsa ex deleniti quis.', 5, '2018-05-11 07:58:28', '2018-05-11 07:58:28'),
(152, 74, 'Timmy Spencer', 'Laudantium quo sed sunt voluptatum nihil. Expedita ratione et magnam aut corrupti excepturi dolorem.', 5, '2018-05-11 07:58:28', '2018-05-11 07:58:28'),
(153, 89, 'Yazmin Heidenreich', 'Culpa omnis rerum quo laboriosam nemo molestias. Eos delectus voluptas vero amet. Ipsa aut eos voluptatem delectus rerum facilis. Qui quia quo inventore dolores aut.', 4, '2018-05-11 07:58:28', '2018-05-11 07:58:28'),
(154, 57, 'Haleigh Goyette', 'Tempore incidunt qui a omnis quae maiores. Et debitis iste quis recusandae. Ipsam omnis beatae non voluptatem minima natus itaque.', 3, '2018-05-11 07:58:28', '2018-05-11 07:58:28'),
(155, 72, 'Ima Bergstrom', 'Aut eos qui libero qui et. Deserunt quidem temporibus voluptas magni. Eum aut ad expedita quae excepturi repudiandae dolores.', 2, '2018-05-11 07:58:28', '2018-05-11 07:58:28'),
(156, 62, 'Dr. Emile Kozey I', 'Molestiae facilis et aperiam voluptates. Praesentium repellat dolorum laboriosam voluptatem esse non et eos. Quia quae aut ducimus et id excepturi.', 5, '2018-05-11 07:58:28', '2018-05-11 07:58:28'),
(157, 61, 'Delmer Stoltenberg Sr.', 'Saepe hic natus magnam accusantium. Molestias nihil voluptatem expedita enim qui. Accusantium libero sit sint aut laborum cupiditate.', 5, '2018-05-11 07:58:28', '2018-05-11 07:58:28'),
(158, 88, 'Whitney Krajcik', 'Est neque sed culpa ducimus ut aut neque. Quia aperiam sequi aut. Magnam quidem aperiam vitae recusandae.', 1, '2018-05-11 07:58:28', '2018-05-11 07:58:28'),
(159, 29, 'Mr. Parker Hagenes', 'Velit deserunt consequatur facilis officia. Dolor sunt sunt delectus nihil occaecati unde quia. Vero quasi natus maxime et quae sint. Tempora quis ex expedita accusamus libero ipsa impedit.', 3, '2018-05-11 07:58:28', '2018-05-11 07:58:28'),
(160, 2, 'Gabrielle Toy III', 'Dolorem sed unde corporis et dolor pariatur. Optio est facilis enim perferendis aliquid fugit illo.', 4, '2018-05-11 07:58:28', '2018-05-11 07:58:28'),
(161, 95, 'Miss Loren Tillman', 'Repudiandae iure consequuntur voluptatibus asperiores rerum consequatur quas. Saepe et consequatur doloribus temporibus. Ut facere sapiente quam. Et corrupti labore et possimus fugit odio.', 2, '2018-05-11 07:58:28', '2018-05-11 07:58:28'),
(162, 18, 'Dr. Bernhard Hagenes PhD', 'Quis earum recusandae illum eveniet omnis aspernatur. Qui quo autem eligendi nostrum. Nam ut hic odio enim quam et facere. Quaerat reprehenderit aspernatur numquam maiores saepe.', 1, '2018-05-11 07:58:28', '2018-05-11 07:58:28'),
(163, 11, 'Germaine Wyman', 'Debitis blanditiis quo corporis non dolor doloremque. Corrupti et vero doloribus quis nisi delectus. Qui ratione rerum quo est at sapiente aut.', 0, '2018-05-11 07:58:28', '2018-05-11 07:58:28'),
(164, 82, 'Ruthie Schumm', 'Voluptatem placeat facilis asperiores in quis similique. Sunt optio sapiente molestias iusto qui ut et. Rem est reiciendis aut aliquam.', 3, '2018-05-11 07:58:28', '2018-05-11 07:58:28'),
(165, 12, 'Bennett Yundt', 'Molestiae labore in animi minima. Sunt vel dolores ad accusantium quibusdam. Ut id enim temporibus praesentium facilis et error. Autem adipisci ipsam possimus voluptas modi ab.', 0, '2018-05-11 07:58:28', '2018-05-11 07:58:28'),
(166, 38, 'Sincere Little', 'Voluptatem sunt ut ipsam inventore perferendis quia illum quasi. Eveniet sunt ut aut.', 1, '2018-05-11 07:58:28', '2018-05-11 07:58:28'),
(167, 13, 'Arch Heidenreich', 'Quia a harum omnis. Nesciunt excepturi dolor et ut natus. Quia blanditiis tempora ducimus occaecati numquam modi. Voluptas ut ea sint est est.', 3, '2018-05-11 07:58:28', '2018-05-11 07:58:28'),
(168, 73, 'Halle Moen', 'Cupiditate et in ipsum iusto est et veritatis impedit. Voluptatibus id ratione at officiis. Doloribus et architecto in non quasi ullam. Nobis et quis aut voluptas et aut.', 0, '2018-05-11 07:58:28', '2018-05-11 07:58:28'),
(169, 75, 'Selina Rippin III', 'Dicta aut officiis neque et in sint corporis. Consequatur culpa perferendis ad assumenda harum ut dolor iusto. Harum et consequatur rem odit qui et. Dignissimos repellat in est amet doloribus est.', 4, '2018-05-11 07:58:28', '2018-05-11 07:58:28'),
(170, 45, 'Rey Bednar', 'Et dignissimos in cumque et aperiam consectetur tempora. Consequatur nulla qui officia repudiandae perferendis nobis. Ipsam ipsa ducimus molestiae et vel.', 4, '2018-05-11 07:58:28', '2018-05-11 07:58:28'),
(171, 68, 'Alda Schoen', 'Quia amet sunt voluptas distinctio labore. Aut aut provident nihil est. Harum modi omnis sunt vel nihil delectus in mollitia. Nostrum voluptatem reiciendis magni veritatis repellat.', 5, '2018-05-11 07:58:28', '2018-05-11 07:58:28'),
(172, 45, 'Miss Lucile Wisoky', 'Molestias dolor et numquam quia. Sed sit maxime rem molestiae accusamus autem. Nulla veritatis mollitia hic. Quis omnis velit hic quia magnam dignissimos.', 5, '2018-05-11 07:58:28', '2018-05-11 07:58:28'),
(173, 70, 'Mrs. Lorena Jacobs', 'Consequuntur est labore voluptatem perspiciatis est quasi doloribus. Cupiditate qui dolorem itaque. Consequuntur rerum atque sequi odio aut natus quia. Ea quos explicabo dolorum quas.', 5, '2018-05-11 07:58:28', '2018-05-11 07:58:28'),
(174, 56, 'Jewell Okuneva', 'Error sed sit possimus corporis sed et optio. Sapiente cum molestias veritatis facilis quia. Ut voluptatibus accusamus cupiditate consequuntur. Veritatis itaque voluptate soluta qui.', 1, '2018-05-11 07:58:28', '2018-05-11 07:58:28'),
(175, 6, 'Dr. Bobbie Jacobson', 'At asperiores eius quo at aut veniam. Et in dolorem quia sed. Explicabo ipsum explicabo dolores facere quia.', 1, '2018-05-11 07:58:28', '2018-05-11 07:58:28'),
(176, 66, 'Kole Hilll', 'Blanditiis sed architecto nobis aliquid quam. Non est illo ducimus ipsam. Eaque et voluptas omnis. Aliquam explicabo quos qui qui. Vitae distinctio eius et ut labore.', 1, '2018-05-11 07:58:28', '2018-05-11 07:58:28'),
(177, 8, 'Sadie Bogan PhD', 'Maiores corporis ipsum ut rerum et perferendis. Esse ullam voluptate aliquam vero ratione quam deserunt molestiae. Nobis sapiente et est reiciendis.', 1, '2018-05-11 07:58:28', '2018-05-11 07:58:28'),
(178, 39, 'Chance Goodwin', 'Repellat molestiae excepturi aperiam. Reprehenderit aut nemo libero dolorem illo voluptatem est. Veniam cupiditate a tempora eum veritatis. Reprehenderit voluptatem iste nihil necessitatibus.', 5, '2018-05-11 07:58:28', '2018-05-11 07:58:28'),
(179, 14, 'Dr. Pansy Brakus', 'Cum libero qui magni laudantium sint nobis. Dicta cum asperiores aut nobis facilis doloremque. Voluptas illo voluptas voluptas est molestiae.', 4, '2018-05-11 07:58:28', '2018-05-11 07:58:28'),
(180, 42, 'Dr. Franz Pouros Sr.', 'In recusandae quam deleniti magnam deserunt quaerat eos. Itaque tempore ex sed illum quidem est quidem nostrum. Laboriosam molestiae velit qui tenetur natus.', 0, '2018-05-11 07:58:28', '2018-05-11 07:58:28'),
(181, 63, 'Keshaun Yundt', 'Sit sit quidem ea eius soluta omnis. Eveniet illum natus esse voluptatum. Aliquid corrupti enim sunt rerum laboriosam et. Et tenetur sunt voluptate sed.', 3, '2018-05-11 07:58:28', '2018-05-11 07:58:28'),
(182, 77, 'Quinton Terry', 'Aperiam sed sed reiciendis aut repellat nisi rem. Aperiam et consequatur earum minima expedita eos fugit qui. Rem in voluptas aliquid iste et similique.', 2, '2018-05-11 07:58:28', '2018-05-11 07:58:28'),
(183, 55, 'Einar Fisher', 'Ea necessitatibus ut enim libero itaque est. Voluptatibus soluta necessitatibus omnis sequi. Aut ea qui sit sequi velit quis.', 1, '2018-05-11 07:58:28', '2018-05-11 07:58:28'),
(184, 3, 'Dr. Selina Brown', 'Quo corrupti ullam corporis a quos eos nesciunt et. Ut sed quia est. Harum commodi maiores mollitia ut. Occaecati natus inventore voluptate eligendi et soluta assumenda.', 2, '2018-05-11 07:58:28', '2018-05-11 07:58:28'),
(185, 12, 'Aglae Armstrong', 'Deleniti adipisci iure sed quia aliquam. Maxime perspiciatis non fugiat quidem suscipit voluptas dolorum. Excepturi et reprehenderit tempore ipsum rerum.', 2, '2018-05-11 07:58:28', '2018-05-11 07:58:28'),
(186, 54, 'Eveline Ullrich', 'Numquam excepturi enim voluptas autem numquam. Molestias voluptate nam possimus labore rerum aliquam. Cumque id dignissimos est ut sit ipsam voluptatem.', 4, '2018-05-11 07:58:28', '2018-05-11 07:58:28'),
(187, 77, 'Enrique Roob', 'Corrupti iusto sunt ab fugiat. Nesciunt voluptatum omnis omnis alias. Debitis ut eligendi cumque debitis.', 5, '2018-05-11 07:58:28', '2018-05-11 07:58:28'),
(188, 81, 'Raymond Prosacco', 'Iusto sint dolore amet ab. Sunt corrupti facere ut neque. Aspernatur qui qui sed unde. Eos non sed illo vel.', 5, '2018-05-11 07:58:28', '2018-05-11 07:58:28'),
(189, 10, 'Rhea Gerlach Sr.', 'Voluptate perspiciatis aperiam ut non architecto et. Tempore harum ut eaque blanditiis accusamus. Cumque placeat magni modi aut.', 2, '2018-05-11 07:58:28', '2018-05-11 07:58:28'),
(190, 20, 'Prof. Hugh Leffler Sr.', 'Cum a et maxime repudiandae eos quibusdam laudantium. Laborum ipsum minima id repellat corporis reiciendis mollitia. Quia dolorum odio rerum saepe vel.', 5, '2018-05-11 07:58:28', '2018-05-11 07:58:28'),
(191, 93, 'Maurice Borer', 'Est veniam saepe id neque. Et id expedita officia mollitia saepe. Aliquid magni fugiat saepe vero nostrum sint.', 0, '2018-05-11 07:58:28', '2018-05-11 07:58:28'),
(192, 35, 'Dr. Birdie Marks I', 'Qui deleniti explicabo iste deserunt. Necessitatibus harum enim amet.', 5, '2018-05-11 07:58:28', '2018-05-11 07:58:28'),
(193, 75, 'Dr. Vito Hegmann', 'Est aut nobis iure quia odit assumenda. Rem dolorem quaerat magni quibusdam ut autem veniam. Illo provident repudiandae officia accusantium aut.', 4, '2018-05-11 07:58:28', '2018-05-11 07:58:28'),
(194, 99, 'Tillman Prosacco', 'Ullam pariatur cumque dolor qui quam earum. Nesciunt sint explicabo repellat expedita rerum magnam repudiandae fuga.', 4, '2018-05-11 07:58:28', '2018-05-11 07:58:28'),
(195, 87, 'Emelia Cronin', 'Ipsam error illo sit. Reiciendis dignissimos enim ducimus perspiciatis ut maiores. Est magni earum hic incidunt error tempore mollitia.', 2, '2018-05-11 07:58:28', '2018-05-11 07:58:28'),
(196, 25, 'Roma Huel', 'Repellat aut dolore incidunt libero cum harum inventore. Non adipisci sequi eum distinctio debitis repellat. Esse suscipit ducimus ut neque iure temporibus. Aliquid quia officiis sed voluptas.', 2, '2018-05-11 07:58:28', '2018-05-11 07:58:28'),
(197, 30, 'Mr. Allen Larkin', 'Ipsam reiciendis consectetur impedit consequatur qui sed non. Et ut repudiandae aut modi. Cum omnis voluptates ut officiis.', 0, '2018-05-11 07:58:28', '2018-05-11 07:58:28'),
(198, 79, 'Olaf Monahan DDS', 'Quia ut dolores saepe aut nisi. Enim qui a ipsa est unde laborum voluptatibus. Modi distinctio quis nihil veniam dolores porro aut. Atque praesentium facilis sint quos.', 0, '2018-05-11 07:58:28', '2018-05-11 07:58:28'),
(199, 28, 'Buddy Marks', 'Corrupti id dolor ut doloremque officiis quaerat. Tenetur eaque illo eum error ut incidunt. Libero magnam odio quia ut. Reprehenderit et aperiam ut est maxime dolor sequi. Aut aut commodi et dolorum.', 0, '2018-05-11 07:58:28', '2018-05-11 07:58:28'),
(200, 29, 'Kaelyn Strosin', 'Eligendi aut est optio provident possimus non. Laboriosam aut reiciendis laudantium quis. Quis quia adipisci perspiciatis qui. Quasi id dolorum corrupti fuga ipsam.', 3, '2018-05-11 07:58:28', '2018-05-11 07:58:28'),
(201, 54, 'Evangeline Boehm', 'Quo incidunt et ipsum. Hic consequatur voluptas quis voluptatem eos molestiae facere. Id ex quod libero quam distinctio quas. Exercitationem fuga ea doloremque porro.', 2, '2018-05-11 07:58:28', '2018-05-11 07:58:28'),
(202, 5, 'Dr. Regan Cassin', 'Quod odit earum sed. Sapiente iste quia veritatis. Nam ut non non aut dignissimos sequi. Eum mollitia eum consectetur voluptatem laboriosam. Facere in consequatur sint nesciunt.', 4, '2018-05-11 07:58:28', '2018-05-11 07:58:28'),
(203, 53, 'Dr. Ila Mayer', 'Aut inventore adipisci dignissimos ut eaque accusantium accusamus. Qui libero modi saepe illum soluta.', 3, '2018-05-11 07:58:28', '2018-05-11 07:58:28'),
(204, 66, 'Elmore Paucek', 'Cupiditate atque est quia qui et et labore. Libero est laborum ut vero. Voluptatem non mollitia consequatur dolores. Et adipisci rerum tempore.', 1, '2018-05-11 07:58:28', '2018-05-11 07:58:28'),
(205, 70, 'Schuyler Harvey', 'Et modi sunt dicta aspernatur minima quidem neque. Et excepturi ut animi ut necessitatibus est nam. Sequi quia atque dolorem.', 0, '2018-05-11 07:58:28', '2018-05-11 07:58:28'),
(206, 48, 'Isaac Kuhlman', 'Deserunt excepturi labore rem. Est quia repellat expedita repellat quia. Quidem cupiditate sed sunt in recusandae tempore. Optio facere perferendis sed et qui non.', 2, '2018-05-11 07:58:28', '2018-05-11 07:58:28'),
(207, 69, 'Anjali Hammes IV', 'Voluptas magnam illum dignissimos et atque. Earum aut et voluptates qui quo modi est. Quod cum quo ad perferendis. Voluptatem similique animi non aut enim.', 5, '2018-05-11 07:58:28', '2018-05-11 07:58:28'),
(208, 44, 'Ari Bartoletti', 'Consequatur aut sint dicta perferendis. Quos aliquid iusto tempore animi. Amet voluptates laborum quos qui.', 4, '2018-05-11 07:58:28', '2018-05-11 07:58:28'),
(209, 33, 'Dortha Bernhard', 'Laboriosam iure sapiente necessitatibus ut aut ipsam. Rerum quia reiciendis qui exercitationem atque in ex. Dolore nisi in totam totam sit quis fugit. Reiciendis sint illo qui nihil.', 4, '2018-05-11 07:58:28', '2018-05-11 07:58:28'),
(210, 21, 'Dr. Arvid Jakubowski', 'Architecto officia sequi neque. Soluta repellendus ipsam consequatur nihil eum id.', 1, '2018-05-11 07:58:28', '2018-05-11 07:58:28'),
(211, 30, 'Jules Cummerata', 'Laudantium incidunt recusandae ducimus non aut sit dolor. Molestiae et repellendus officia totam nisi. Voluptates et esse et quidem dolorum. Harum quidem consequatur deserunt.', 4, '2018-05-11 07:58:28', '2018-05-11 07:58:28'),
(212, 54, 'Eve Oberbrunner', 'Dolor incidunt non quasi dolorem. Quo voluptatem qui iusto. Nostrum nobis est quia id ab magni placeat ab. Natus rerum est quam excepturi ex earum.', 1, '2018-05-11 07:58:28', '2018-05-11 07:58:28'),
(213, 16, 'Krystina Lehner Jr.', 'Rem expedita molestias voluptates autem omnis sit velit. A quas dicta perferendis id officiis molestiae ea at. Explicabo sit maiores dolor inventore.', 2, '2018-05-11 07:58:28', '2018-05-11 07:58:28'),
(214, 43, 'Pansy Jacobson', 'Non quae qui ut nostrum incidunt dignissimos. Sit repellat ratione quia ex. Maiores laborum eligendi consequatur cum.', 4, '2018-05-11 07:58:28', '2018-05-11 07:58:28'),
(215, 55, 'Tyler O\'Kon', 'Eum cupiditate sit incidunt eius suscipit facilis et. Praesentium vero consectetur ab modi. Expedita et est eum reprehenderit porro ex nemo. Qui quasi delectus ea eligendi quasi et corrupti.', 0, '2018-05-11 07:58:28', '2018-05-11 07:58:28'),
(216, 36, 'Rollin Cronin PhD', 'Eum aut quas reiciendis iusto. Similique saepe quaerat in et reprehenderit rerum.', 2, '2018-05-11 07:58:28', '2018-05-11 07:58:28'),
(217, 20, 'Teresa Mayert', 'Voluptas quo voluptatem ut dicta. Dolorem minus aut tenetur qui. Explicabo non tenetur qui nobis omnis quo. Quae quidem ea non distinctio corrupti error.', 5, '2018-05-11 07:58:28', '2018-05-11 07:58:28'),
(218, 31, 'Wilfredo Heaney', 'Quam quia amet autem deserunt voluptas officia exercitationem. Autem deleniti nostrum labore aliquam doloremque sed. Voluptas et nihil aut quos. Ut dicta numquam veniam non.', 4, '2018-05-11 07:58:28', '2018-05-11 07:58:28');
INSERT INTO `reviews` (`id`, `product_id`, `customer`, `review`, `star`, `created_at`, `updated_at`) VALUES
(219, 33, 'Hope Lebsack', 'Rerum autem ullam est laudantium. Sed aut et voluptatem laboriosam. Eveniet sint modi ut eligendi in. Harum delectus quia error qui ut voluptas.', 3, '2018-05-11 07:58:28', '2018-05-11 07:58:28'),
(220, 90, 'Phoebe Schmeler', 'Iste illum dolor quam ut rerum voluptates. Mollitia et expedita rem et placeat nihil. Totam eaque labore dolores quos qui velit necessitatibus ad.', 4, '2018-05-11 07:58:28', '2018-05-11 07:58:28'),
(221, 57, 'Breanna Kovacek', 'Ullam facilis magnam amet vero esse ullam. Omnis deserunt voluptas deleniti repellendus iusto recusandae. Odit consequatur dolorum aut quod facere ipsa. Qui non optio neque vero aliquam sit fugiat.', 0, '2018-05-11 07:58:28', '2018-05-11 07:58:28'),
(222, 57, 'Emanuel Skiles DDS', 'Nisi porro fugiat a veniam voluptas et. Fuga molestiae eos deleniti. Aliquid ut ducimus autem commodi. Error odit voluptas nemo asperiores quia et. Ut velit laborum eum quia fugit.', 3, '2018-05-11 07:58:28', '2018-05-11 07:58:28'),
(223, 88, 'Addison Dooley', 'Nesciunt dolor et consequatur voluptatum ipsa cumque nostrum. Praesentium cum cumque expedita quia. Odio cum odio illo laboriosam expedita vitae.', 1, '2018-05-11 07:58:28', '2018-05-11 07:58:28'),
(224, 100, 'Percival Collier', 'Modi occaecati aspernatur dolores occaecati beatae nobis. Sed qui soluta beatae omnis nihil. Rerum facere possimus porro et voluptatem voluptatum. Fuga commodi adipisci officia.', 1, '2018-05-11 07:58:28', '2018-05-11 07:58:28'),
(225, 37, 'Giovanny Hilpert', 'Autem accusamus omnis quasi sed qui animi voluptate. Consequatur voluptatibus ut eius omnis voluptatem. Voluptatem rerum est iure natus. Excepturi amet et maxime voluptatem.', 2, '2018-05-11 07:58:28', '2018-05-11 07:58:28'),
(226, 98, 'Hilbert Ryan Sr.', 'Est hic laudantium nihil nesciunt. Eum delectus illo sed sit dolorum eligendi eum. Consequatur corporis id fugit reprehenderit.', 1, '2018-05-11 07:58:28', '2018-05-11 07:58:28'),
(227, 36, 'Dr. Clementine Connelly I', 'Maiores excepturi aut magnam quisquam quia. Aliquam quae earum inventore dolorem. Quaerat quis id amet illo beatae itaque totam. Doloremque atque ratione animi sed.', 1, '2018-05-11 07:58:28', '2018-05-11 07:58:28'),
(228, 33, 'Miss Harmony Farrell', 'Laborum suscipit ea esse temporibus quisquam. Ipsa illo dolorem quo ipsum cupiditate commodi. Sit et quia quaerat ipsa modi velit culpa.', 5, '2018-05-11 07:58:28', '2018-05-11 07:58:28'),
(229, 79, 'Prof. Lemuel Smith Sr.', 'Rerum officiis quaerat quasi officia possimus. Ipsa consectetur consequuntur magnam.', 2, '2018-05-11 07:58:28', '2018-05-11 07:58:28'),
(230, 31, 'Prof. Kiana West', 'Temporibus velit eos quaerat harum. Eius in ipsam qui nulla qui ad alias. A vel saepe nihil omnis voluptatem. Omnis magnam temporibus eum voluptatem ducimus provident.', 4, '2018-05-11 07:58:28', '2018-05-11 07:58:28'),
(231, 33, 'Mallie Kessler PhD', 'Esse et omnis officia. Nostrum et aut architecto et sint qui. Ut molestiae cumque corrupti nihil suscipit earum neque. Sit dolores maxime expedita ut voluptas in.', 4, '2018-05-11 07:58:28', '2018-05-11 07:58:28'),
(232, 62, 'Dr. Aryanna O\'Hara', 'Excepturi sunt hic maiores voluptas deleniti provident. Vero officiis ullam quia eius sunt rem. Suscipit dolores rerum quidem qui ut et rem. Illo quis quisquam voluptate aut.', 5, '2018-05-11 07:58:28', '2018-05-11 07:58:28'),
(233, 94, 'Roxane Schimmel', 'Reiciendis repudiandae ut sed provident temporibus et. Rerum eligendi aspernatur repudiandae ut aut. Aut vitae autem et voluptate qui quia asperiores. Sunt eum aut et similique odio molestiae.', 1, '2018-05-11 07:58:28', '2018-05-11 07:58:28'),
(234, 15, 'Idella Heaney', 'Tenetur voluptas quae ex quos expedita laborum aut. Sit laborum sunt qui nostrum quis quia. Odio earum rerum magni expedita. Quis dolor ut ut voluptas.', 5, '2018-05-11 07:58:28', '2018-05-11 07:58:28'),
(235, 68, 'Clark Ledner', 'Soluta rerum ea asperiores et iure et est. Pariatur id totam ut rerum debitis qui optio non. Cupiditate tempora dolore et magnam at consequatur. Qui nam iure est provident qui.', 4, '2018-05-11 07:58:28', '2018-05-11 07:58:28'),
(236, 96, 'Amelie Medhurst', 'Ab voluptas ut deserunt tempore qui. Consequatur illum maxime enim laborum eum.', 3, '2018-05-11 07:58:28', '2018-05-11 07:58:28'),
(237, 90, 'Prof. Elton Gutmann DDS', 'Vitae cum doloribus exercitationem quae neque ut distinctio. Quis repellat possimus numquam. Facilis vero et voluptates quas deserunt quisquam repellendus sit.', 0, '2018-05-11 07:58:28', '2018-05-11 07:58:28'),
(238, 47, 'Ms. Ebba Larson III', 'Soluta quidem et eos voluptatem. In dignissimos dignissimos rerum.', 0, '2018-05-11 07:58:28', '2018-05-11 07:58:28'),
(239, 17, 'Kieran Bergnaum', 'Nihil autem deleniti iste rerum. Ex voluptatem minus ducimus. Quaerat omnis cumque illo minus quis reprehenderit sed.', 2, '2018-05-11 07:58:28', '2018-05-11 07:58:28'),
(240, 71, 'Shawn Ruecker', 'Voluptatem minus officia nam iusto enim. Aut molestiae fugiat omnis debitis enim quae autem. Quo nam consequatur ab fugiat magni error perspiciatis.', 4, '2018-05-11 07:58:28', '2018-05-11 07:58:28'),
(241, 99, 'Miss Taya Bartoletti', 'Quasi non dolor qui sequi perferendis. Distinctio ex rerum voluptatem maxime incidunt reiciendis unde. Minima assumenda debitis voluptas facilis. Repellat tempore ea adipisci qui.', 1, '2018-05-11 07:58:28', '2018-05-11 07:58:28'),
(242, 43, 'Izaiah Marquardt', 'Iste facilis non qui et adipisci qui eaque omnis. Qui sapiente beatae provident sunt eaque quam. Sed velit ad magnam et cumque voluptatem. Veniam officiis asperiores maxime veniam modi.', 0, '2018-05-11 07:58:28', '2018-05-11 07:58:28'),
(243, 4, 'Tobin Williamson', 'Dolorum cum enim nemo. Praesentium voluptas accusamus dolor architecto. Illo eos necessitatibus aliquid dicta ipsam aut provident.', 4, '2018-05-11 07:58:28', '2018-05-11 07:58:28'),
(244, 42, 'Cielo Koepp', 'Consequatur ut qui dolorem maiores dolorem perspiciatis aut a. Suscipit quos reprehenderit minus unde cumque repudiandae. Distinctio quam ad dolorum vel doloremque id.', 5, '2018-05-11 07:58:28', '2018-05-11 07:58:28'),
(245, 73, 'Miss Aimee Quitzon I', 'Voluptatem enim esse fugiat nisi rerum. Quasi rerum ut illo delectus dolorum laudantium. Corrupti nostrum quam maxime ea qui nostrum.', 2, '2018-05-11 07:58:28', '2018-05-11 07:58:28'),
(246, 27, 'Letitia Kozey', 'Voluptatem et sit nemo ipsum quidem alias quos. Doloribus harum quia quaerat aut qui culpa. Molestiae consequatur enim omnis occaecati. Eaque non culpa omnis.', 2, '2018-05-11 07:58:28', '2018-05-11 07:58:28'),
(247, 22, 'Tyrique Harvey', 'Optio velit magnam omnis quo. Repellendus veritatis at voluptatem sit eum placeat. Dolorem voluptas sit porro qui.', 5, '2018-05-11 07:58:28', '2018-05-11 07:58:28'),
(248, 56, 'Jodie Ritchie', 'Saepe esse et quia ex pariatur. Sit itaque adipisci cumque veritatis. Voluptatem cupiditate voluptas id aut voluptatem maiores illo. Dolorem deleniti sunt delectus dolor culpa ea.', 4, '2018-05-11 07:58:28', '2018-05-11 07:58:28'),
(249, 3, 'Gayle Wilderman', 'Optio nobis velit rem necessitatibus quis. Mollitia quae perferendis ullam dolore. Possimus quia aut et est tenetur nihil unde.', 4, '2018-05-11 07:58:28', '2018-05-11 07:58:28'),
(250, 54, 'Ferne Rohan', 'Illo possimus et non cum. Libero laboriosam quaerat et neque commodi vitae et reprehenderit.', 3, '2018-05-11 07:58:28', '2018-05-11 07:58:28'),
(251, 13, 'Elenora Emmerich DDS', 'Est qui a ut molestias asperiores. Aut voluptas veniam neque aspernatur qui. Dolorum distinctio et repudiandae inventore dolores porro quae vel. Perspiciatis dolorum et porro in incidunt est.', 2, '2018-05-11 07:58:28', '2018-05-11 07:58:28'),
(252, 78, 'Chaim Hahn', 'Dignissimos eligendi velit nam id a. Commodi nesciunt quasi magni optio temporibus officia voluptates. Et et quidem accusantium rerum.', 4, '2018-05-11 07:58:28', '2018-05-11 07:58:28'),
(253, 73, 'Ms. Jessyca Russel', 'Ratione omnis tempora dolorem ad. Id aut eveniet quae libero totam quibusdam. Fugit blanditiis sequi aperiam eos ab.', 4, '2018-05-11 07:58:28', '2018-05-11 07:58:28'),
(254, 28, 'Keenan Dach', 'Omnis repellat enim esse omnis. Omnis consequatur quasi perferendis quia eaque soluta. Qui illum eum voluptatibus et reiciendis incidunt. Tenetur et quae rerum voluptatem et vel.', 1, '2018-05-11 07:58:28', '2018-05-11 07:58:28'),
(255, 51, 'Mrs. Elda Jacobs', 'Animi animi minima et sunt animi mollitia consequatur. Et totam dignissimos qui impedit molestiae sed voluptatem. Molestias voluptatem pariatur velit ex.', 0, '2018-05-11 07:58:28', '2018-05-11 07:58:28'),
(256, 57, 'Howard Herman', 'Sunt odio numquam velit recusandae sapiente veritatis consequatur illum. Et placeat quia voluptatem vel. Iusto aspernatur velit ex nisi ipsum.', 3, '2018-05-11 07:58:28', '2018-05-11 07:58:28'),
(257, 2, 'Mellie Gleason', 'Optio id autem id facilis reiciendis cum deserunt. Dolores nobis cumque culpa cum. Qui sed soluta cupiditate velit. Aut eaque voluptatum odio explicabo incidunt ipsum et.', 5, '2018-05-11 07:58:28', '2018-05-11 07:58:28'),
(258, 74, 'Lacy Ruecker', 'Iusto qui magnam est quia quis dicta. Aspernatur dolorum tenetur reiciendis ea quisquam placeat. Sit consequatur alias itaque. Totam voluptates neque aspernatur exercitationem dicta.', 3, '2018-05-11 07:58:28', '2018-05-11 07:58:28'),
(259, 78, 'Amaya McCullough', 'Distinctio et corrupti cupiditate non perferendis. Incidunt hic sit quaerat cumque laboriosam expedita tempora. Nihil ipsam voluptatem quia voluptatibus veritatis.', 0, '2018-05-11 07:58:28', '2018-05-11 07:58:28'),
(260, 39, 'Mrs. Christiana Connelly', 'Illo distinctio consectetur recusandae. Consequatur fuga accusantium recusandae voluptate reiciendis beatae. Quasi mollitia sed ut temporibus voluptatibus ut quo.', 3, '2018-05-11 07:58:28', '2018-05-11 07:58:28'),
(261, 4, 'Mallory Labadie PhD', 'Quibusdam est autem error reiciendis sed autem architecto. Nesciunt possimus in aspernatur perspiciatis debitis dolorem. Ut odio dignissimos sit dicta eum dolorum omnis.', 2, '2018-05-11 07:58:28', '2018-05-11 07:58:28'),
(262, 40, 'Lavinia Hudson', 'Velit et dolorum atque eveniet voluptas dolor impedit. Autem repellat qui qui pariatur eveniet omnis est. Dolores enim vel est et ad. Voluptatum culpa voluptatibus maiores sint nam.', 4, '2018-05-11 07:58:28', '2018-05-11 07:58:28'),
(263, 93, 'Helen Berge Jr.', 'Aut velit sed eveniet. Ducimus sit quia aut sit. Optio dignissimos nam qui distinctio eligendi nobis quia.', 1, '2018-05-11 07:58:28', '2018-05-11 07:58:28'),
(264, 10, 'Felix Daniel', 'Qui ullam quod et consectetur dolores aliquid. Ut tempora accusantium recusandae laborum sint debitis fuga. Quia aliquam nam vero velit praesentium odio. Soluta nemo ad fugiat et.', 4, '2018-05-11 07:58:28', '2018-05-11 07:58:28'),
(265, 52, 'Greyson Klein', 'Numquam quia officia aut est quibusdam iusto. Atque doloremque sit molestiae accusamus. Quibusdam est rem qui aut quisquam. Modi quas sunt esse quia consequatur ut.', 1, '2018-05-11 07:58:28', '2018-05-11 07:58:28'),
(266, 2, 'Pansy Prohaska', 'Omnis iure voluptas facilis at beatae ut. Impedit nesciunt iste repellendus saepe sequi. Quis nihil dignissimos aut est omnis et. Dolores ut id placeat ut accusantium.', 2, '2018-05-11 07:58:28', '2018-05-11 07:58:28'),
(267, 46, 'Brianne Spencer', 'Velit eos perferendis similique odit harum iusto rem. Aperiam a eius laborum non ut. Mollitia vitae magni omnis et et et.', 1, '2018-05-11 07:58:28', '2018-05-11 07:58:28'),
(268, 56, 'Missouri Dietrich', 'Et iure nemo quo corporis. Voluptatem sapiente nemo nemo odit culpa in. Voluptatem eveniet vero sit aliquam. Rerum eaque animi non nobis et eos. Maxime est numquam quaerat vero.', 4, '2018-05-11 07:58:28', '2018-05-11 07:58:28'),
(269, 13, 'Jerod Bradtke', 'Tempore voluptas ut fugit consequatur quibusdam enim. Quis aperiam dignissimos enim sint.', 1, '2018-05-11 07:58:28', '2018-05-11 07:58:28'),
(270, 35, 'Sabryna Stark IV', 'Quaerat explicabo nesciunt ratione dolores labore rerum sit. Consequatur praesentium doloremque deserunt perspiciatis sit sit. Repellendus dolorem dolorum consectetur et voluptas molestias voluptas.', 4, '2018-05-11 07:58:28', '2018-05-11 07:58:28'),
(271, 64, 'Monty Sporer DDS', 'Est omnis aut facilis voluptates quia ut sit cumque. Sed non excepturi soluta esse velit. Saepe ducimus temporibus dolores in aut. Laudantium itaque earum vitae eos autem et et.', 0, '2018-05-11 07:58:28', '2018-05-11 07:58:28'),
(272, 61, 'Toby Hane', 'Labore sunt porro voluptatibus soluta. Amet fuga dolorum est nulla. Aliquid est qui officia consequuntur molestias.', 0, '2018-05-11 07:58:28', '2018-05-11 07:58:28'),
(273, 71, 'Tressie Barrows', 'Illo delectus ea architecto vel dolor architecto quia. Ipsum sunt impedit impedit inventore facere perferendis saepe.', 1, '2018-05-11 07:58:28', '2018-05-11 07:58:28'),
(274, 98, 'Talia Larson DVM', 'Dolores dignissimos et minima ratione velit et natus numquam. Doloremque ad repellendus non unde. Consequuntur nam est tempora voluptas veniam. Qui voluptatibus id quis est tempore modi at.', 2, '2018-05-11 07:58:28', '2018-05-11 07:58:28'),
(275, 73, 'Graciela Nolan', 'Atque qui dolor reiciendis labore officiis culpa porro. Autem modi nihil non quis debitis dolorem. Cupiditate ut hic vel esse aut corrupti.', 2, '2018-05-11 07:58:28', '2018-05-11 07:58:28'),
(276, 17, 'Savanna Kilback', 'Totam molestias omnis id ut inventore. Incidunt amet minus velit officiis. Consequuntur quod eum consequatur repellendus doloremque.', 4, '2018-05-11 07:58:28', '2018-05-11 07:58:28'),
(277, 31, 'Claud Stehr', 'Natus expedita repellendus pariatur eaque. Accusantium ut quis aspernatur adipisci dolores maiores ut. Soluta quaerat dolorum voluptatem.', 0, '2018-05-11 07:58:28', '2018-05-11 07:58:28'),
(278, 55, 'Heber Kemmer', 'Recusandae voluptatem illo et expedita sunt corporis autem. Doloremque enim voluptatum facere. Et non aut eos omnis ipsum quis.', 3, '2018-05-11 07:58:28', '2018-05-11 07:58:28'),
(279, 1, 'Dr. Israel Ferry', 'Ullam totam fuga molestiae dolores. Doloribus ea mollitia voluptas placeat omnis architecto. Nesciunt rerum molestiae ducimus consequatur harum debitis voluptatem.', 3, '2018-05-11 07:58:28', '2018-05-11 07:58:28'),
(280, 42, 'Joannie Nitzsche', 'Iste voluptate ipsa maiores iure ipsam voluptas. Consectetur minima numquam mollitia architecto. Autem rem dolores maiores sit voluptas laudantium blanditiis.', 4, '2018-05-11 07:58:28', '2018-05-11 07:58:28'),
(281, 19, 'Ilene Strosin', 'Et natus et rerum quis distinctio. Aspernatur similique labore placeat dolorem voluptas minus vel. Nulla commodi voluptatem cum dolore. Voluptas dicta atque et eos harum earum.', 0, '2018-05-11 07:58:28', '2018-05-11 07:58:28'),
(282, 28, 'Carson Reichert', 'Dolore consequuntur ut voluptas officiis sed nisi qui sapiente. Deserunt ut rem magnam corporis voluptatem. Harum est sapiente dolorum sint.', 3, '2018-05-11 07:58:28', '2018-05-11 07:58:28'),
(283, 71, 'Levi Ruecker', 'Doloremque totam consequatur natus facere qui aliquam quo. Perferendis beatae accusantium labore rerum. Voluptates qui impedit placeat eaque corrupti eos.', 1, '2018-05-11 07:58:28', '2018-05-11 07:58:28'),
(284, 82, 'Ford Schaefer', 'Labore fugiat rerum molestiae magnam. Eligendi ad qui minima. Quam temporibus veniam impedit dolores. Inventore ut est aliquid perspiciatis.', 3, '2018-05-11 07:58:28', '2018-05-11 07:58:28'),
(285, 29, 'Katrine Legros', 'In deleniti vel quia ut nihil ut animi numquam. Vero consectetur laboriosam iste. Sit nobis error eos illo autem reprehenderit quibusdam.', 3, '2018-05-11 07:58:28', '2018-05-11 07:58:28'),
(286, 68, 'Flossie Cole', 'Excepturi iure fugiat vel magni laudantium ipsam vitae. Enim sint dolor est veniam inventore. Et velit est sed molestias deleniti nostrum.', 5, '2018-05-11 07:58:28', '2018-05-11 07:58:28'),
(287, 94, 'Mr. Jayde Wisozk I', 'Commodi soluta voluptatem quia est ut fugiat. Est adipisci numquam inventore est rerum a.', 0, '2018-05-11 07:58:28', '2018-05-11 07:58:28'),
(288, 93, 'Cassidy Hessel', 'Nesciunt beatae nobis similique reiciendis. Nisi qui voluptates aut dolor id ipsam. In adipisci sint sunt quisquam et in. Eius dolore iure labore debitis et et.', 0, '2018-05-11 07:58:28', '2018-05-11 07:58:28'),
(289, 99, 'Dr. Malika Rice', 'Veniam labore eum ut praesentium tempore sint culpa. Architecto eaque sed id. Numquam non illum dolorum possimus.', 4, '2018-05-11 07:58:28', '2018-05-11 07:58:28'),
(290, 96, 'Dr. Kirstin Hammes', 'Fuga dolore repellat repudiandae. Officia quibusdam est omnis quia sunt cum numquam.', 3, '2018-05-11 07:58:28', '2018-05-11 07:58:28'),
(291, 43, 'Mr. Werner Willms', 'Sint qui doloremque laboriosam ad qui labore repudiandae. Quia ut quia excepturi enim libero voluptatem. Reiciendis numquam nulla velit et praesentium.', 2, '2018-05-11 07:58:28', '2018-05-11 07:58:28'),
(292, 59, 'Trycia Sporer', 'Hic ad in facere repudiandae. Odit similique eveniet itaque nihil. Quis et necessitatibus porro voluptas eius ducimus quia. Similique est occaecati amet.', 3, '2018-05-11 07:58:28', '2018-05-11 07:58:28'),
(293, 82, 'Keshawn Sauer V', 'Tempore similique et iste ratione fuga suscipit magni quam. Eum qui eaque eos rem quam. Quis facere voluptatem ipsam itaque vel perferendis.', 5, '2018-05-11 07:58:28', '2018-05-11 07:58:28'),
(294, 20, 'Maymie Oberbrunner', 'Ipsum sit quos omnis expedita illum porro vero non. Quas amet maiores blanditiis. Magni optio quis ipsum eum voluptatum neque rerum. Accusantium et et ab sit ut iure sed.', 1, '2018-05-11 07:58:28', '2018-05-11 07:58:28'),
(295, 71, 'Kenna Shanahan IV', 'Dolor vel quam nesciunt velit et recusandae. Est impedit quia natus qui consequatur voluptas aut. Voluptate neque architecto explicabo sint.', 5, '2018-05-11 07:58:28', '2018-05-11 07:58:28'),
(296, 44, 'Prof. Antone Williamson DDS', 'Qui dolor odit ut ut delectus. A qui qui quod voluptate qui. Voluptas iure aliquam eos explicabo. Neque omnis suscipit est eum enim.', 3, '2018-05-11 07:58:28', '2018-05-11 07:58:28'),
(297, 79, 'Israel Waelchi V', 'Sint eum ducimus deserunt tenetur. Vel delectus quia et quia deserunt laboriosam ea. Quia perspiciatis nulla animi quidem quis. Doloribus alias laborum quos perferendis repellat unde voluptas.', 3, '2018-05-11 07:58:28', '2018-05-11 07:58:28'),
(298, 48, 'Kaia Littel', 'Voluptatibus natus dolore soluta est velit provident. Possimus nihil unde ut nulla cupiditate. Omnis consequatur officia rerum culpa consequatur itaque illum est.', 3, '2018-05-11 07:58:28', '2018-05-11 07:58:28'),
(299, 1, 'Leonora Legros', 'Et velit quo aut dolor. Minus laboriosam et eveniet vel optio. Aut incidunt aut repellat aut hic tempora delectus. Temporibus et qui voluptatum sunt. Soluta repudiandae corrupti est tenetur.', 0, '2018-05-11 07:58:28', '2018-05-11 07:58:28'),
(300, 3, 'Gennaro Vandervort Sr.', 'Id et rerum nostrum distinctio rerum sint similique. Molestias sed impedit facilis nisi sunt. Molestiae dolor et distinctio.', 1, '2018-05-11 07:58:28', '2018-05-11 07:58:28');

-- --------------------------------------------------------

--
-- Table structure for table `users`
--

CREATE TABLE `users` (
  `id` int(10) UNSIGNED NOT NULL,
  `name` varchar(191) COLLATE utf8mb4_unicode_ci NOT NULL,
  `email` varchar(191) COLLATE utf8mb4_unicode_ci NOT NULL,
  `password` varchar(191) COLLATE utf8mb4_unicode_ci NOT NULL,
  `remember_token` varchar(100) COLLATE utf8mb4_unicode_ci DEFAULT NULL,
  `created_at` timestamp NULL DEFAULT NULL,
  `updated_at` timestamp NULL DEFAULT NULL
) ENGINE=InnoDB DEFAULT CHARSET=utf8mb4 COLLATE=utf8mb4_unicode_ci;

--
-- Indexes for dumped tables
--

--
-- Indexes for table `migrations`
--
ALTER TABLE `migrations`
  ADD PRIMARY KEY (`id`);

--
-- Indexes for table `password_resets`
--
ALTER TABLE `password_resets`
  ADD KEY `password_resets_email_index` (`email`);

--
-- Indexes for table `products`
--
ALTER TABLE `products`
  ADD PRIMARY KEY (`id`);

--
-- Indexes for table `reviews`
--
ALTER TABLE `reviews`
  ADD PRIMARY KEY (`id`),
  ADD KEY `reviews_product_id_index` (`product_id`);

--
-- Indexes for table `users`
--
ALTER TABLE `users`
  ADD PRIMARY KEY (`id`),
  ADD UNIQUE KEY `users_email_unique` (`email`);

--
-- AUTO_INCREMENT for dumped tables
--

--
-- AUTO_INCREMENT for table `migrations`
--
ALTER TABLE `migrations`
  MODIFY `id` int(10) UNSIGNED NOT NULL AUTO_INCREMENT, AUTO_INCREMENT=5;

--
-- AUTO_INCREMENT for table `products`
--
ALTER TABLE `products`
  MODIFY `id` int(10) UNSIGNED NOT NULL AUTO_INCREMENT, AUTO_INCREMENT=101;

--
-- AUTO_INCREMENT for table `reviews`
--
ALTER TABLE `reviews`
  MODIFY `id` int(10) UNSIGNED NOT NULL AUTO_INCREMENT, AUTO_INCREMENT=301;

--
-- AUTO_INCREMENT for table `users`
--
ALTER TABLE `users`
  MODIFY `id` int(10) UNSIGNED NOT NULL AUTO_INCREMENT;

--
-- Constraints for dumped tables
--

--
-- Constraints for table `reviews`
--
ALTER TABLE `reviews`
  ADD CONSTRAINT `reviews_product_id_foreign` FOREIGN KEY (`product_id`) REFERENCES `products` (`id`) ON DELETE CASCADE;
COMMIT;

/*!40101 SET CHARACTER_SET_CLIENT=@OLD_CHARACTER_SET_CLIENT */;
/*!40101 SET CHARACTER_SET_RESULTS=@OLD_CHARACTER_SET_RESULTS */;
/*!40101 SET COLLATION_CONNECTION=@OLD_COLLATION_CONNECTION */;
